facet,facet_value,topic,n_posts,keep_rate,ci_low,ci_high
sampled_stance,left,-1,3859,0.6779789155015897,,
sampled_stance,left,0,743,0.7701724027430622,,
sampled_stance,left,1,280,0.7461819727891157,,
sampled_stance,left,2,440,0.5803733766233766,,
sampled_stance,left,3,373,0.8248595684922763,,
sampled_stance,left,4,410,0.5848780487804879,,
sampled_stance,left,5,378,0.5637314184933232,,
sampled_stance,left,6,188,0.736974417426545,,
sampled_stance,left,7,139,0.7288797533401851,,
sampled_stance,left,8,115,0.7021739130434783,,
sampled_stance,left,9,182,0.7538592360020933,,
sampled_stance,left,10,136,0.5802871148459383,,
sampled_stance,left,11,96,0.7312003968253968,,
sampled_stance,left,12,160,0.6104166666666667,,
sampled_stance,left,13,48,0.7357142857142858,,
sampled_stance,left,14,80,0.7639583333333333,,
sampled_stance,left,15,98,0.6188289601554907,,
sampled_stance,left,16,74,0.6344594594594595,,
sampled_stance,left,17,100,0.3071904761904762,,
sampled_stance,left,18,44,0.7787337662337662,,
sampled_stance,left,19,72,0.6667658730158731,,
sampled_stance,left,20,46,0.6655797101449276,,
sampled_stance,left,22,59,0.6299435028248587,,
sampled_stance,left,23,59,0.8200564971751413,,
sampled_stance,left,24,58,0.7277093596059113,,
sampled_stance,left,25,50,0.810952380952381,,
sampled_stance,left,26,37,0.6567567567567568,,
sampled_stance,left,28,31,0.7461597542242703,,
sampled_stance,left,29,35,0.7676190476190476,,
sampled_stance,left,30,34,0.7818627450980392,,
sampled_stance,left,31,32,0.5895833333333333,,
sampled_stance,left,32,34,0.7916666666666667,,
sampled_stance,left,34,39,0.5355921855921856,,
sampled_stance,left,35,30,0.5838888888888889,,
sampled_stance,left,40,30,0.8416666666666667,,
sampled_stance,right,-1,2584,0.7047786439137059,,
sampled_stance,right,0,524,0.7327858051617594,,
sampled_stance,right,1,662,0.7637516184721623,,
sampled_stance,right,2,312,0.604029304029304,,
sampled_stance,right,3,52,0.7963827838827839,,
sampled_stance,right,4,68,0.6209733893557423,,
sampled_stance,right,5,65,0.6915384615384615,,
sampled_stance,right,6,226,0.684134007585335,,
sampled_stance,right,7,134,0.7156094527363184,,
sampled_stance,right,8,186,0.6929851510496671,,
sampled_stance,right,9,48,0.7828869047619048,,
sampled_stance,right,10,68,0.6694327731092438,,
sampled_stance,right,11,98,0.776919339164237,,
sampled_stance,right,13,114,0.7439745196324145,,
sampled_stance,right,14,77,0.7368274582560297,,
sampled_stance,right,15,49,0.6189504373177843,,
sampled_stance,right,16,46,0.7159420289855073,,
sampled_stance,right,18,63,0.7270975056689343,,
sampled_stance,right,20,59,0.6826069410815174,,
sampled_stance,right,21,67,0.8012082444918266,,
sampled_stance,right,24,30,0.7782539682539683,,
sampled_stance,right,25,32,0.7453125,,
sampled_stance,right,26,31,0.6580645161290322,,
sampled_stance,right,27,38,0.6031328320802004,,
sampled_stance,right,28,38,0.7177318295739349,,
sample_toxicity_type,sample_high_toxicity,-1,1673,0.5065970739760339,,
sample_toxicity_type,sample_high_toxicity,0,126,0.521645880574452,,
sample_toxicity_type,sample_high_toxicity,1,154,0.5546227581941868,,
sample_toxicity_type,sample_high_toxicity,2,274,0.44658498435870697,,
sample_toxicity_type,sample_high_toxicity,4,306,0.530213196389667,,
sample_toxicity_type,sample_high_toxicity,5,181,0.4099184425151276,,
sample_toxicity_type,sample_high_toxicity,6,111,0.5581295581295581,,
sample_toxicity_type,sample_high_toxicity,7,37,0.5254826254826255,,
sample_toxicity_type,sample_high_toxicity,8,77,0.5740259740259741,,
sample_toxicity_type,sample_high_toxicity,9,53,0.5175202156334231,,
sample_toxicity_type,sample_high_toxicity,10,81,0.4466196355085244,,
sample_toxicity_type,sample_high_toxicity,11,42,0.5630952380952381,,
sample_toxicity_type,sample_high_toxicity,12,72,0.4608796296296297,,
sample_toxicity_type,sample_high_toxicity,13,30,0.565,,
sample_toxicity_type,sample_high_toxicity,15,41,0.4809523809523809,,
sample_toxicity_type,sample_high_toxicity,16,31,0.41397849462365593,,
sample_toxicity_type,sample_high_toxicity,17,106,0.30476190476190473,,
sample_toxicity_type,sample_high_toxicity,20,31,0.5724270353302612,,
sample_toxicity_type,sample_low_toxicity,-1,1482,0.8371735963841227,,
sample_toxicity_type,sample_low_toxicity,0,385,0.8560420531849104,,
sample_toxicity_type,sample_low_toxicity,1,288,0.861441798941799,,
sample_toxicity_type,sample_low_toxicity,2,92,0.773343685300207,,
sample_toxicity_type,sample_low_toxicity,3,245,0.8868950437317784,,
sample_toxicity_type,sample_low_toxicity,5,56,0.7906037414965986,,
sample_toxicity_type,sample_low_toxicity,6,88,0.810930735930736,,
sample_toxicity_type,sample_low_toxicity,7,62,0.8414938556067589,,
sample_toxicity_type,sample_low_toxicity,8,65,0.8004395604395604,,
sample_toxicity_type,sample_low_toxicity,9,95,0.8766416040100251,,
sample_toxicity_type,sample_low_toxicity,10,42,0.783390022675737,,
sample_toxicity_type,sample_low_toxicity,11,91,0.8430926216640503,,
sample_toxicity_type,sample_low_toxicity,13,54,0.813536155202822,,
sample_toxicity_type,sample_low_toxicity,14,40,0.8339285714285716,,
sample_toxicity_type,sample_low_toxicity,23,35,0.8652380952380951,,
sample_toxicity_type,sample_low_toxicity,25,31,0.9018433179723502,,
sample_toxicity_type,sample_middle_toxicity,-1,3288,0.7144891959216777,,
sample_toxicity_type,sample_middle_toxicity,0,756,0.7419501133786848,,
sample_toxicity_type,sample_middle_toxicity,1,500,0.762054761904762,,
sample_toxicity_type,sample_middle_toxicity,2,386,0.6484702689365902,,
sample_toxicity_type,sample_middle_toxicity,3,169,0.7478867286559594,,
sample_toxicity_type,sample_middle_toxicity,4,145,0.6775862068965517,,
sample_toxicity_type,sample_middle_toxicity,5,206,0.6775312066574203,,
sample_toxicity_type,sample_middle_toxicity,6,215,0.7434939091915836,,
sample_toxicity_type,sample_middle_toxicity,7,174,0.721784345922277,,
sample_toxicity_type,sample_middle_toxicity,8,159,0.7133123689727464,,
sample_toxicity_type,sample_middle_toxicity,9,82,0.7813588850174216,,
sample_toxicity_type,sample_middle_toxicity,10,81,0.6834803057025279,,
sample_toxicity_type,sample_middle_toxicity,11,61,0.7534738485558158,,
sample_toxicity_type,sample_middle_toxicity,12,88,0.685930735930736,,
sample_toxicity_type,sample_middle_toxicity,13,78,0.7595695970695971,,
sample_toxicity_type,sample_middle_toxicity,14,99,0.7547859547859548,,
sample_toxicity_type,sample_middle_toxicity,15,89,0.6492241840556447,,
sample_toxicity_type,sample_middle_toxicity,16,66,0.7285353535353536,,
sample_toxicity_type,sample_middle_toxicity,18,65,0.7608424908424908,,
sample_toxicity_type,sample_middle_toxicity,19,49,0.7365403304178814,,
sample_toxicity_type,sample_middle_toxicity,20,58,0.6961822660098522,,
sample_toxicity_type,sample_middle_toxicity,21,43,0.8104097452934662,,
sample_toxicity_type,sample_middle_toxicity,22,43,0.7377630121816169,,
sample_toxicity_type,sample_middle_toxicity,23,31,0.7741935483870968,,
sample_toxicity_type,sample_middle_toxicity,24,39,0.7845543345543345,,
sample_toxicity_type,sample_middle_toxicity,25,35,0.7782993197278911,,
sample_toxicity_type,sample_middle_toxicity,26,33,0.6848484848484849,,
sample_toxicity_type,sample_middle_toxicity,27,35,0.6659863945578232,,
sample_toxicity_type,sample_middle_toxicity,28,33,0.7168831168831169,,
sample_toxicity_type,sample_middle_toxicity,29,35,0.7529931972789116,,
platform,bluesky,-1,1004,0.6919773287801175,,
platform,bluesky,0,738,0.7532100916247257,,
platform,bluesky,1,63,0.696182917611489,,
platform,bluesky,2,75,0.5242222222222223,,
platform,bluesky,3,215,0.8125858250276854,,
platform,bluesky,4,40,0.6155357142857143,,
platform,bluesky,5,82,0.6252613240418119,,
platform,bluesky,6,46,0.7582815734989647,,
platform,bluesky,9,48,0.754811507936508,,
platform,bluesky,10,32,0.6614583333333334,,
platform,bluesky,12,31,0.6327956989247312,,
platform,bluesky,14,94,0.7374113475177304,,
platform,bluesky,15,76,0.6104949874686717,,
platform,reddit,-1,4918,0.6822386342363975,,
platform,reddit,0,255,0.7318394024276377,,
platform,reddit,1,633,0.7572237267734898,,
platform,reddit,2,657,0.5941980140610277,,
platform,reddit,4,431,0.5902275991603138,,
platform,reddit,5,352,0.5673363095238095,,
platform,reddit,6,368,0.701860119047619,,
platform,reddit,7,79,0.7252411091018686,,
platform,reddit,8,276,0.6984213250517598,,
platform,reddit,9,169,0.7475345167652859,,
platform,reddit,10,157,0.6006824385805278,,
platform,reddit,11,162,0.7405349794238684,,
platform,reddit,12,146,0.6065068493150685,,
platform,reddit,13,134,0.7285625444207533,,
platform,reddit,14,58,0.7701559934318555,,
platform,reddit,15,63,0.6197278911564627,,
platform,reddit,16,110,0.6596969696969697,,
platform,reddit,17,102,0.30249766573295983,,
platform,reddit,18,92,0.7542184265010351,,
platform,reddit,19,89,0.6811663991439273,,
platform,reddit,20,104,0.6758699633699633,,
platform,reddit,22,44,0.7005411255411255,,
platform,reddit,24,59,0.7456012913640033,,
platform,reddit,25,77,0.7758503401360545,,
platform,reddit,26,62,0.6709677419354839,,
platform,reddit,27,48,0.635813492063492,,
platform,reddit,28,64,0.7339285714285714,,
platform,reddit,29,52,0.7440018315018315,,
platform,reddit,30,49,0.7646744412050535,,
platform,reddit,31,42,0.5932539682539683,,
platform,reddit,34,41,0.5712543554006968,,
platform,reddit,35,38,0.6464912280701754,,
platform,reddit,36,32,0.7610119047619047,,
platform,reddit,38,37,0.759009009009009,,
platform,reddit,41,31,0.6754224270353302,,
platform,reddit,42,31,0.39193548387096777,,
platform,reddit,43,40,0.6632738095238095,,
platform,reddit,44,30,0.785,,
platform,reddit,46,30,0.7516269841269841,,
platform,reddit,49,32,0.7473214285714286,,
platform,twitter,-1,521,0.7437117265332236,,
platform,twitter,0,274,0.780035627389642,,
platform,twitter,1,246,0.7778552071234998,,
platform,twitter,3,183,0.835063752276867,,
platform,twitter,7,178,0.7246923488496523,,
platform,twitter,21,57,0.7967836257309941,,
platform,twitter,23,55,0.833939393939394,,
