participant_id,rater_effect,n_trials,empirical_remove_rate
P_1781953632248_glqm2wltq,0.5302535548449048,13,0.46153846153846156
P_1781988154941_4dtx1cmlk,0.22405650302025004,11,0.36363636363636365
P_1781988157590_07yjc9e60,-0.7409778040000078,15,0.06666666666666667
P_1781988164796_o1d1rt7e6,-0.8667966556460608,13,0.0
P_1781988172391_vxtwtkb8e,-0.5367482868776988,12,0.08333333333333333
P_1781988180304_vwbxx2ano,0.008546249177021625,11,0.2727272727272727
P_1781988181059_dz3gsm5e0,-0.8207874001189351,11,0.0
P_1781988181651_gkqn8vp7r,-0.37802176299020374,13,0.15384615384615385
P_1781988183450_a55wxzoo4,-0.21236222692388507,13,0.23076923076923078
P_1781988186011_2bpgzspes,0.1769657414349926,14,0.35714285714285715
P_1781988206397_r47qmmgw2,-0.7790502947666021,16,0.0625
P_1781988210659_74wuipr92,0.05688481881649088,14,0.2857142857142857
P_1781988212469_e2hzca3e1,-0.9037151924699419,12,0.0
P_1781988215171_es1z5cn0p,1.2890447670320682,12,0.75
P_1781988217722_zzta332cp,-0.5138875111256224,15,0.13333333333333333
P_1781988220999_1kwkf00j8,-0.8339457012499646,16,0.0625
P_1781988224917_ly260s5fm,0.28288379582862794,16,0.375
P_1781988226480_tifxypqlp,0.3654046096733352,15,0.4
P_1781988227951_mfgf27zjw,-0.23449728023502092,14,0.21428571428571427
P_1781988232926_hfe0uyaa9,-0.3303825302988953,12,0.16666666666666666
P_1781988233313_nrw2up5uu,-0.9088066711721755,12,0.0
P_1781988235069_ub2lj8vpd,0.10435484382266402,13,0.3076923076923077
P_1781988237290_xr6m46mtb,0.2038267028350113,9,0.3333333333333333
P_1781988240483_g85adfvjr,0.1719333605630985,16,0.375
P_1781988240902_au9ko2la8,-0.5950017063435821,17,0.11764705882352941
P_1781988242093_3v25w29ra,0.5000319727851988,15,0.4666666666666667
P_1781988242937_f6m19q4vc,-0.835105661069831,19,0.05263157894736842
P_1781988245307_lov7c04bf,-0.13389071988183798,16,0.25
P_1781988246441_hmmeuaa2a,-0.7150075729748738,13,0.07692307692307693
P_1781988246771_yhwgim22w,-0.9080150312947776,16,0.0
P_1781988246801_owiddf2uk,-0.9425439160858328,16,0.0
P_1781988249533_2h2rjqbwu,-0.023638189950949795,14,0.2857142857142857
P_1781988249600_1i1hrz7wd,1.3175210197909926,11,0.7272727272727273
P_1781988251492_cf1f0ovhk,-0.38563157621221955,12,0.16666666666666666
P_1781988253057_espnjwuom,-0.4911614060989399,14,0.14285714285714285
P_1781988253085_qt73si2md,-1.0032780901505984,15,0.0
P_1781988253627_c4n62lei7,-1.0445148669578979,18,0.0
P_1781988255163_he4kg0j8w,0.4192335232241967,13,0.46153846153846156
P_1781988258029_1xgskd2mv,-0.737723304318958,14,0.07142857142857142
P_1781988261033_hsqyxobzf,0.19713598970446838,14,0.35714285714285715
P_1781988261448_qcp1v952b,0.48993210937644727,13,0.46153846153846156
P_1781988263777_uuinqqrc9,-0.4735778619377179,13,0.15384615384615385
P_1781988263897_d231rte3t,-0.6777440963836822,14,0.07142857142857142
P_1781988265313_7kpbqs4pj,0.6076835577648805,16,0.5
P_1781988268588_j27nz4nie,-0.7608707408291339,15,0.06666666666666667
P_1781988268738_vflio5jcg,-0.7310650010783603,15,0.06666666666666667
P_1781988271451_7aggow4a6,-0.7893023537486598,16,0.0625
P_1781988272132_52jvdg7uk,-0.24743861654251176,13,0.23076923076923078
P_1781988272870_mhv9kxenz,-0.38307552629800223,13,0.15384615384615385
P_1781988273834_s71ubqez7,1.3496783174685547,12,0.75
P_1781988274537_och6nbub5,-0.7506919761158796,11,0.0
P_1781988275068_lde9rj6q8,0.43279496428844144,16,0.4375
P_1781988276345_he0choz05,-0.09925413248490011,12,0.25
P_1781988279536_5if8t7id3,0.4125422389866357,14,0.42857142857142855
P_1781988280304_qw29r3hul,-0.40809762092601165,13,0.15384615384615385
P_1781988284217_4s41evkqt,0.6076534137040575,12,0.5
P_1781988286378_h91p9fqaa,-0.6727529394895556,14,0.07142857142857142
P_1781988288054_15t9omflg,-0.11937093680016064,12,0.25
P_1781988288998_birqczteo,0.14663374981562421,12,0.3333333333333333
P_1781988295386_sdd1uoq0o,-0.36045241654409965,12,0.16666666666666666
P_1781988300083_vfw2qgu8s,-0.702810350766845,14,0.07142857142857142
P_1781988301983_fjecy21eo,0.7405728263129339,15,0.5333333333333333
P_1781988304933_ljjiiei5q,0.510102839919491,13,0.46153846153846156
P_1781988305881_rmf1wodo3,0.01673039109256924,14,0.2857142857142857
P_1781988308565_nmrad1q5o,-0.24223665897063507,13,0.23076923076923078
P_1781988309389_fpjt3r7yw,0.6076757393649844,12,0.5
P_1781988311980_5xi8zfahe,0.8835323873601837,12,0.5833333333333334
P_1781988315879_v0g2k0p0u,0.5101530597081545,13,0.46153846153846156
P_1781988319438_45nuy4nif,-0.12137882437483316,15,0.26666666666666666
P_1781988320001_vf713xtna,0.08431604376646945,15,0.3333333333333333
P_1781988321032_4kkqntpjo,-0.37048248885340407,12,0.16666666666666666
P_1781988324526_5rhdb3e14,1.3094221981525855,12,0.75
P_1781988324828_b39ze6er1,-0.5990006459592504,15,0.13333333333333333
P_1781988325842_mnczczy1k,-0.7727620568013841,17,0.058823529411764705
P_1781988329828_3d9xz56og,-0.08402559644965257,14,0.2857142857142857
P_1781988331925_qdi26rhhn,-0.07906595440405162,14,0.2857142857142857
P_1781988339028_jaxjars6t,-1.0070550658510058,16,0.0
P_1781988351702_6zh6v7e0a,0.17186319089766544,14,0.35714285714285715
P_1781988352041_gzvq5objx,-0.9315686385083685,13,0.0
P_1781988354363_sq4wojdrn,-0.3603661133504682,16,0.1875
P_1781988363135_mgb870raw,-0.5137309200489545,15,0.13333333333333333
P_1781988369332_uitgt3706,0.1213694364145751,12,0.3333333333333333
P_1781988369966_rkh8ra01p,-0.2325015319638214,11,0.18181818181818182
P_1781988374124_hnnojzk7o,0.945902930213756,13,0.6153846153846154
P_1781988379249_lri41xkxb,-0.22662085257172693,17,0.23529411764705882
P_1781988379959_4d9om038m,0.14161427082018369,14,0.35714285714285715
P_1781988380481_82gt05u42,0.30476701014483576,15,0.4
P_1781988382621_bqavgwd5i,0.043958319776609245,13,0.3076923076923077
P_1781988384504_qfty0g05t,-0.6119095804621161,16,0.125
P_1781988387976_oh3cnj9mz,0.7506699149871552,13,0.5384615384615384
P_1781988389030_dpt0l5565,-0.4001739410261854,16,0.1875
P_1781988391301_j31w1p64i,-0.6347568920064154,13,0.07692307692307693
P_1781988391942_2riixawcz,-0.0034053692857693996,14,0.2857142857142857
P_1781988400952_wi2rnpkcw,-0.4507942536151349,14,0.14285714285714285
P_1781988405121_vtgpsyg2u,-0.8485634374207057,12,0.0
P_1781988407805_cel0nsn4q,0.48490644079035833,13,0.46153846153846156
P_1781988413917_n39bbwvlm,-0.93002270272856,14,0.0
P_1781988414372_5yr19oyzr,0.10948081019997802,15,0.3333333333333333
P_1781988419625_f0yzrcvqp,-0.07222558115568545,9,0.2222222222222222
P_1781988419853_f9inddnam,-0.9201415798312694,14,0.0
P_1781988422179_9zlg185wn,-0.7507183364657942,15,0.06666666666666667
P_1781988422249_xaeavm74o,0.6329128680387321,14,0.5
P_1781988428559_0bpgiey89,-0.32531090033955135,16,0.1875
P_1781988428622_hsv17arev,0.5000381156372853,15,0.4666666666666667
P_1781988430052_rqdnfs3ks,-0.09113165940995493,15,0.26666666666666666
P_1781988431014_owfrgqubo,0.4226884031301958,12,0.4166666666666667
P_1781988431168_rn97eusfm,0.4024869583369187,14,0.42857142857142855
P_1781988433123_brcgpgruv,-0.6218644858121268,12,0.08333333333333333
P_1781988438678_5wzdbdnxx,-0.5939741290722659,15,0.13333333333333333
P_1781988440113_1cubrrl59,-0.27729739897833916,15,0.2
P_1781988442487_am19pqv21,-0.6976776445027862,14,0.07142857142857142
P_1781988443015_ru2f7lmwh,-0.8473264950132843,13,0.0
P_1781988443654_7jw23ia7u,0.2796184105692403,13,0.38461538461538464
P_1781988444481_3mia4thve,-0.24429073875327845,16,0.25
P_1781988446343_zkrym71se,0.9204842093526756,17,0.5882352941176471
P_1781988452456_jou9eqt8n,1.379777539051453,12,0.75
P_1781988453736_hg3i2wjbd,-0.43535195200159127,16,0.1875
P_1781988457170_n3tw39z7h,-0.7978943818153764,14,0.07142857142857142
P_1781988458422_kuiiwzsv3,-0.2426403010195295,11,0.18181818181818182
P_1781988461624_ulerp6lk8,-0.07221945386873219,9,0.2222222222222222
P_1781988464969_pwsxchcc0,0.6581511506492093,10,0.5
P_1781988466176_dv343qwvr,-0.33797283595979455,17,0.17647058823529413
P_1781988467971_vc4utezcg,-0.32746350414270675,15,0.2
P_1781988468654_dzp1dbxyp,-0.3502344066078822,16,0.1875
P_1781988469061_zrzigf25d,0.3149810382874784,13,0.38461538461538464
P_1781988469930_2a14wbx1j,-0.11131619785039071,15,0.26666666666666666
P_1781988469987_8twwgoomf,0.27957992478881843,13,0.38461538461538464
P_1781988470164_uweduajrb,0.30803413129511925,18,0.3888888888888889
P_1781988471694_logoq41wb,-0.8919029728097424,13,0.0
P_1781988472259_bwy3g7isj,1.8942722479418999,17,0.8823529411764706
P_1781988472440_xjc98c3qw,-0.5519188853487055,16,0.125
P_1781988473937_x8igzwj67,1.0433873303502572,14,0.6428571428571429
P_1781988474177_73m6ff2qi,0.536972144332112,10,0.5
P_1781988474563_k3i6hbzqy,-0.7806852218528305,11,0.0
P_1781988477974_xip6ot17h,-0.9920621265653945,16,0.0
P_1781988478805_guiax8s3f,-0.43825104247380087,13,0.15384615384615385
P_1781988480744_jqcagq9nb,0.1145661220033925,15,0.3333333333333333
P_1781988490041_y98an7rvy,-0.5998851602287397,9,0.0
P_1781988493969_5yxghglna,-0.3452159558795289,14,0.21428571428571427
P_1781988496102_fx34lwusz,-0.02054386362001448,17,0.29411764705882354
P_1781988501438_005g9h239,-0.496121667565976,14,0.14285714285714285
P_1781988508945_hncd6snwu,-0.7277252762950163,14,0.07142857142857142
P_1781988516052_fg33frapa,0.44791994730866447,14,0.42857142857142855
P_1781988516499_wba1jqt7m,0.0036094971748407145,13,0.3076923076923077
P_1781988520570_z9g4o51b8,-0.6596771610533488,13,0.07692307692307693
P_1781988521848_1qofjrr81,0.5454978798079547,17,0.47058823529411764
P_1781988532606_fbiir7klf,-0.2445670182575148,14,0.21428571428571427
P_1781988533114_xtgzvodok,-0.12454971682478866,12,0.25
P_1781988533633_ti7qvwxmg,-0.3604626576092941,12,0.16666666666666666
P_1781988537258_l6zuxyhs9,-0.7956440840539348,11,0.0
P_1781988542468_qs3okfzrs,0.8179508814487984,12,0.5833333333333334
P_1781988542721_wwus2au89,-0.19701902907674906,13,0.23076923076923078
P_1781988545820_kt95pejf3,-0.5772871734201578,16,0.125
P_1781988548969_43w7ni69c,0.01867996674607153,13,0.3076923076923077
P_1781988549258_dkx7fj5ns,0.10112900196273428,12,0.3333333333333333
P_1781988550606_zubex0pl1,0.33179230630225187,12,0.4166666666666667
P_1781988550627_fblkh52vf,0.3873190229784287,12,0.4166666666666667
P_1781988562555_43wvg8422,-0.9041406435470868,15,0.0
P_1781988563793_87b9i61eh,-0.1518167899923194,13,0.23076923076923078
P_1781988567082_ihabpsnp8,-0.4708982418303612,14,0.14285714285714285
P_1781988577701_o0wjokov1,-0.710993126362034,15,0.06666666666666667
P_1781988596910_ylxwm4glj,0.5051045201839188,13,0.46153846153846156
P_1781988602144_tanbtmxsw,0.6278827491703018,12,0.5
P_1781988602872_b0i5ddj7l,-0.17131798650231223,17,0.23529411764705882
P_1781988604693_rqawubwhi,0.5757601391756467,19,0.47368421052631576
P_1781988607594_8gz3wu8xe,-0.9189085569326124,15,0.0
P_1781988608895_kqy8e66l4,0.580768529910192,15,0.4666666666666667
P_1781988611877_55p4o6kjr,-0.3173462350792866,15,0.2
P_1781988613712_fopd9kqur,-0.9466430027228835,13,0.0
P_1781988614436_02rc3xpi3,-0.602046576298135,16,0.125
P_1781988615018_5pz1fihk6,-0.7527717122906407,14,0.07142857142857142
P_1781988616237_kxli6rhvx,-0.898598566121556,12,0.0
P_1781988618579_88t1r1cgm,0.2947919156868739,15,0.4
P_1781988620308_b5pbdcrjn,-0.2924972365862336,15,0.2
P_1781988620375_p0cbnkfeu,0.18375573942923784,13,0.38461538461538464
P_1781988634197_ug7k37lik,0.25434053043849214,11,0.36363636363636365
P_1781988638281_txk3j1mcz,0.9810678994738913,17,0.5882352941176471
P_1781988645394_69s0jet6t,-0.7277066636668196,14,0.07142857142857142
P_1781988647827_bjsmgny84,0.335162396233621,17,0.4117647058823529
P_1781988649150_njg4vov7a,-0.871924797307314,13,0.0
P_1781988650246_c4pxwu8us,-0.8206377991473383,11,0.0
P_1781988669826_8plhnks9e,-0.11630415874960864,15,0.26666666666666666
P_1781988670301_ebmnom2kn,0.15992223685293883,15,0.3333333333333333
P_1781988672124_b8q7u21n7,-0.8236742126455731,12,0.0
P_1781988675584_qehc2nwbs,0.685020991966071,11,0.5454545454545454
P_1781988675942_bndp8kg7t,0.8885792565213109,16,0.5625
P_1781988676801_es50f00uk,-0.9151571502929611,14,0.0
P_1781988676876_jnds4rocu,-0.9712921688837582,17,0.0
P_1781988682644_6a3ptpqe1,-0.9018592291180415,13,0.0
P_1781988684037_defszebtf,0.4242937893604879,11,0.45454545454545453
P_1781988685754_d63rxr59s,-0.3252806476078086,12,0.16666666666666666
P_1781988688323_0y382om4g,0.4377643254304129,14,0.42857142857142855
P_1781988690711_3d1mh8acw,0.35193627567981334,12,0.4166666666666667
P_1781988691382_cqvk4zqxo,-0.8156908833204503,11,0.0
P_1781988693835_rwrc7688w,0.7086332374929638,16,0.5
P_1781988695952_k4m5yjwbh,-0.29223853803034994,15,0.2
P_1781988696494_q99wsysbp,0.3317867291996859,12,0.4166666666666667
P_1781988699013_pqvab7tbt,-0.27276531752707533,11,0.18181818181818182
P_1781988699371_qlq4f1bky,0.945748735660421,17,0.5882352941176471
P_1781988706239_4y90ahwk7,-0.2120889208634107,13,0.23076923076923078
P_1781988707443_ole7f18tm,-0.8917201730042085,13,0.0
P_1781988708382_gco228o8n,0.33514124886991636,15,0.4
P_1781988712949_3oit0lr75,0.15677043457280887,14,0.35714285714285715
P_1781988716479_tgml0olqg,-0.035605718794344376,17,0.29411764705882354
P_1781988716749_x36fwfxz0,-0.13450260878474818,12,0.25
P_1781988718439_iva8ulmcr,-0.0034020263292933173,14,0.2857142857142857
P_1781988720728_7dmobt7if,-0.5541238558055738,11,0.09090909090909091
P_1781988725753_8iggoxefe,-0.3554064638190899,12,0.16666666666666666
P_1781988732923_wrmq0vt0t,-0.4759567090116884,14,0.14285714285714285
P_1781988733013_me4s931cx,-0.4763426836793375,10,0.1
P_1781988733937_z2aupoc4a,-0.3172591355855976,15,0.2
P_1781988737572_3ftdr3l6p,-0.8139169065819708,12,0.0
P_1781988737841_g6e020zhl,0.14473495763212563,15,0.3333333333333333
P_1781988738891_7h9upc12z,0.8011257635132956,17,0.5294117647058824
P_1781988744524_ay21kmluw,-0.1166346701763693,13,0.23076923076923078
P_1781988746610_8klw7eqe9,0.25766724534849283,16,0.375
P_1781988751395_r96s1ec83,-0.8137861766815765,12,0.0
P_1781988755098_0s2glj0qr,0.0470794952858421,16,0.3125
P_1781988773453_c1oyb2wul,-0.6927173163844039,14,0.07142857142857142
P_1781988778762_mvbmiqjr6,0.32507925203369703,15,0.4
P_1781988783513_89usvgflw,-0.5389058339217895,15,0.13333333333333333
P_1781988785009_oemqi3v0g,0.13653555899189612,12,0.3333333333333333
P_1781988786650_dne1du2yf,-0.9115965595637968,13,0.0
P_1781988789082_v0ftr1jlw,-0.6899451261359825,13,0.07692307692307693
P_1781988796367_6o27xaq7o,-0.9920945828439548,16,0.0
P_1781988797752_wedzm1vmz,-0.2020236436565377,13,0.23076923076923078
P_1781988801239_p3hkh9d46,-0.30989504688121816,14,0.21428571428571427
P_1781988802263_dcw3vezob,0.582406790838353,14,0.5
P_1781988803496_ustwcs1nc,-0.9637051914531135,15,0.0
P_1781988803801_h33f5wnxj,-1.0080852586456177,15,0.0
P_1781988807643_c1cc9rkdk,0.5824140486650865,8,0.5
P_1781988813145_8c5eblr94,1.2014485653035007,17,0.6470588235294118
P_1781988815229_r820cdafk,-0.8603762892332593,14,0.0
P_1781988821299_3yisuev6x,0.8734246951932592,18,0.5555555555555556
P_1781988824442_1ik3n7116,-0.16125064469086492,17,0.23529411764705882
P_1781988826508_flywqurr1,-0.22725611281331692,13,0.23076923076923078
P_1781988829033_pll26bb8s,-0.06196691489545214,11,0.2727272727272727
P_1781988830886_gdi5ftzb5,-0.05902757091164679,12,0.25
P_1781988833449_y3xc6036o,0.3654352516957417,19,0.42105263157894735
P_1781988844951_1k8lbroy8,0.3721683651800145,12,0.4166666666666667
P_1781988853201_8h8c0x2q3,0.3352059093955584,15,0.4
P_1781988858059_md1xw6w1v,1.5701341454193707,14,0.7857142857142857
P_1781988858172_qyhxcon1s,0.7002189593216044,13,0.5384615384615384
P_1781988859649_dx4dgrr8c,-0.9633865794761304,15,0.0
P_1781988864714_gmgk3b52n,-0.5217272109231882,10,0.1
P_1781988870534_n2d0d5hyi,0.19212089601283727,16,0.375
P_1781988872866_0o5k80nau,0.21402523419431213,13,0.38461538461538464
P_1781988877561_gciygi3mn,-0.7129548864113547,14,0.07142857142857142
P_1781988878113_pwgt0n201,0.44953817339132196,13,0.46153846153846156
P_1781988882004_qv3aibfxi,-0.2727013749925634,11,0.18181818181818182
P_1781988884247_4mr3k2hno,0.028831085649397292,13,0.3076923076923077
P_1781988886005_ol9twazj4,-0.1415439055365697,15,0.26666666666666666
P_1781988895223_u25tbvb4f,-0.7963740674164358,18,0.05555555555555555
P_1781988895243_vo3naihbf,-0.0033874718336431853,16,0.3125
P_1781988898022_qmeczd3yi,2.1836461745044695,14,1.0
P_1781988901365_o99yoe2a5,0.18515038432504832,17,0.35294117647058826
P_1781988902882_5fma4323l,-0.90418297734778,15,0.0
P_1781988906209_odjvrpupo,0.011736494492556537,16,0.3125
P_1781988908520_f82yquvm2,-0.1766873743882359,15,0.26666666666666666
P_1781988911002_pusrrzpfk,-0.23448392403106477,14,0.21428571428571427
P_1781988911419_mv1tx1bih,-0.5998055433650492,13,0.07692307692307693
P_1781988914614_lavthf7jx,-0.15655727737094616,15,0.26666666666666666
P_1781988918495_fkkz7i57b,-0.8016688397671979,18,0.05555555555555555
P_1781988919118_ac7mlj0cv,0.42773526168531656,16,0.4375
P_1781988919290_ntz4op4a9,-0.24468218038630907,14,0.21428571428571427
P_1781988922124_99bogniwr,0.5874637125426853,12,0.5
P_1781988922744_3xquqg8lz,-0.5418994249991381,16,0.125
P_1781988924540_1rlr6905i,0.23747024059305544,14,0.35714285714285715
P_1781988925854_4odas3ray,0.3923859765031542,14,0.42857142857142855
P_1781988928666_z008ziu68,-0.17898521439197634,16,0.25
P_1781988932146_ouitnvji4,-0.10433611192050185,12,0.25
P_1781988934147_jta8zo62n,0.7759142977839795,15,0.5333333333333333
P_1781988936647_jnne3etqe,0.6682705324382042,14,0.5
P_1781988940233_o70k9pe6f,-0.17388359531436737,16,0.25
P_1781988942347_1ubf3llah,-0.6548252140743945,13,0.07692307692307693
P_1781988951157_qiajqlb29,-1.0132216202461373,15,0.0
P_1781988954777_rl9p6srbp,-0.043712974160388884,14,0.2857142857142857
P_1781988957207_8fys6g9mi,-0.1415034574211762,15,0.26666666666666666
P_1781988961961_x7r0vskxn,0.45295623048660416,14,0.42857142857142855
P_1781988966426_y61mf9f6d,1.869155527544497,17,0.8823529411764706
P_1781988968576_4bkk4xsc0,0.4781838984996699,16,0.4375
P_1781988969970_qz2j44vvx,-0.9549560468476187,14,0.0
P_1781988977468_rio7wzn4v,0.3331836827475234,16,0.375
P_1781988979350_qmt4six66,-0.8269499679791285,13,0.0
P_1781988991522_73o835c64,0.9608609000331059,13,0.6153846153846154
P_1781988992726_xcrl3pcu1,0.5034244038788215,18,0.4444444444444444
P_1781988993646_ll2fwjfy1,0.31499611967379093,15,0.4
P_1781988994066_y06qg4pey,-0.6629659416598596,14,0.07142857142857142
P_1781989010690_5i070k3ng,1.4340579373461533,16,0.75
P_1781989011717_5b74wi946,-0.400320920504759,16,0.1875
P_1781989015523_twquxmj2c,-0.5468608833178011,16,0.125
P_1781989027026_4d3i1mwe1,-0.8767587720221007,13,0.0
P_1781989027279_aqjnvt6yl,-0.9489827090498167,15,0.0
P_1781989027316_91rkba9j8,0.009548216918841224,17,0.29411764705882354
P_1781989032249_24hycw8dz,0.8330402575913276,14,0.5714285714285714
P_1781989034901_5a3dvsw98,-0.0065186762691592515,15,0.3333333333333333
P_1781989040860_1l8ungttm,-0.3353155884370955,12,0.16666666666666666
P_1781989042469_4pf40jnte,0.3199632474438643,15,0.4
P_1781989044309_1elxe2szh,-0.023543823713015333,14,0.2857142857142857
P_1781989048561_2zxnih1ve,0.555559262125065,13,0.46153846153846156
P_1781989049985_c454ye3kh,0.44796459147580703,18,0.4444444444444444
P_1781989053312_k3wn2fmt3,-0.4583583220926414,13,0.15384615384615385
P_1781989056416_pvt6xwbgi,-0.5517685063307688,16,0.125
P_1781989059559_mibzlaoxl,-0.8307036425157716,11,0.0
P_1781989060660_9fp7qw26u,0.2897171311876207,15,0.4
P_1781989062997_v38ighiga,-0.23026344792019593,10,0.2
P_1781989065854_uyyr4a08k,-0.5469906015916969,16,0.125
P_1781989067502_15d0ugb61,1.723340441647153,13,0.8461538461538461
P_1781989069149_ft14xcdr1,1.1712180196539248,13,0.6923076923076923
P_1781989070401_9tjw15vvt,0.060898306186399964,10,0.3
P_1781989071542_59d52t4jy,0.31487399485381495,13,0.38461538461538464
P_1781989071916_k6m5vxz9p,-0.5569484084280835,16,0.125
P_1781989072403_oazgev3w8,-0.048685255501711655,14,0.2857142857142857
P_1781989081770_8z3kgvf12,0.04897013254689625,13,0.3076923076923077
P_1781989085554_4x1kig0zw,0.2948415393989962,15,0.4
P_1781989085945_ckjeb8shb,0.40753272757392833,14,0.42857142857142855
P_1781989096005_v6cfl02kh,-0.48892923597042215,15,0.13333333333333333
P_1781989099339_0d5598fqx,0.7759075992963979,11,0.5454545454545454
P_1781989100749_5rrfsx01l,-0.9451052725743608,14,0.0
P_1781989104029_epg7eims8,0.052139137863999485,16,0.3125
P_1781989105740_ye6rqmprr,0.3923625425228948,14,0.42857142857142855
P_1781989117702_hw6jb22i3,-0.04371227483261764,14,0.2857142857142857
P_1781989120184_t6cd2e8wc,1.0988505886474078,14,0.6428571428571429
P_1781989126246_eyrgvd7bs,0.7809522320895187,13,0.5384615384615384
P_1781989128220_mmaux35dk,2.246928294241308,15,1.0
P_1781989129906_65neswwnw,-1.0098262349608436,14,0.0
P_1781989132468_1vwx2b0lm,0.9087951868732496,14,0.5714285714285714
P_1781989134191_g7q5zijbl,0.1415418175384493,12,0.3333333333333333
P_1781989139628_cn6ibtl67,0.9760321879682596,17,0.5882352941176471
P_1781989140589_g052b90bs,-0.8818916718670265,13,0.0
P_1781989141628_jre2tgtx9,-0.09440392688062671,12,0.25
P_1781989141730_npmx1qcg3,0.36714493221549976,16,0.4375
P_1781989142093_30gppg550,0.6430490274846596,14,0.5
P_1781989144224_4axyg854c,-0.6247783970534472,9,0.0
P_1781989144289_023cfz1gi,0.16678563881031078,14,0.35714285714285715
P_1781989150607_zj4ainxwj,-0.6045147440073014,11,0.09090909090909091
P_1781989153473_b42p675eh,-0.795658319844733,15,0.06666666666666667
P_1781989155406_6fmzj6d0d,-0.6478932336734787,14,0.07142857142857142
P_1781989163610_5xxyvt9us,0.40246243035185664,12,0.4166666666666667
P_1781989164058_p1ndi6auu,0.04398843449831635,15,0.3333333333333333
P_1781989168166_klplbqsvd,-0.9836717582167481,15,0.0
P_1781989169218_fca59itbi,-0.9821591749675967,16,0.0
P_1781989169552_r64ph0nlr,-0.7508626189258721,15,0.06666666666666667
P_1781989169555_jupbq5yth,-0.20908642801595423,16,0.25
P_1781989171944_psl7la2gs,1.1139850530393047,14,0.6428571428571429
P_1781989173842_zt2zzlh7y,-0.25051106591202676,10,0.2
P_1781989176298_6hb2pos2m,0.2509882714995391,10,0.4
P_1781989180971_q7y1dtdjj,-0.06917117625745295,14,0.2857142857142857
P_1781989184161_5dvu11tv4,-0.9820684970181274,16,0.0
P_1781989184812_7g8za4kv9,-0.6047932758681426,17,0.11764705882352941
P_1781989186846_cite2srb1,0.6531360687975954,16,0.5
P_1781989187359_9pldtj9fg,-0.17691230584952844,13,0.23076923076923078
P_1781989197437_h5sktkrst,1.0281530935975867,14,0.6428571428571429
P_1781989197963_jr8zm9w33,0.46467710532411294,11,0.45454545454545453
P_1781989198681_1d9k0guja,-0.8952019288057448,14,0.0
P_1781989199060_63cuux0d4,-0.4508673393972904,14,0.14285714285714285
P_1781989205283_e1ac0b35e,-0.6052072827572984,17,0.11764705882352941
P_1781989206047_k2msvle6a,0.29807057183106594,16,0.375
P_1781989206853_i51hhhdu6,-0.7762104410722418,15,0.06666666666666667
P_1781989208312_rrrdo1lxo,1.036603547308255,13,0.6153846153846154
P_1781989209959_02zeknuwj,0.006546728260059309,14,0.2857142857142857
P_1781989221923_foz4fpywj,0.9760293962117925,13,0.6153846153846154
P_1781989222156_c055r5j2v,-0.8287305649181321,12,0.0
P_1781989223861_b0gydbwcw,0.5404426420410854,13,0.46153846153846156
P_1781989227328_v5no4e862,0.8481909047899923,16,0.5625
P_1781989230072_64nm9ok95,-1.0097399008597838,14,0.0
P_1781989231662_6ihmjvr9m,0.25765459329419366,16,0.375
P_1781989234215_0xl317xee,-0.949953074949334,14,0.0
P_1781989235587_t63q8e2qj,0.9507576707287138,15,0.6
P_1781989235933_phre6lscg,-0.5742728304584045,15,0.13333333333333333
P_1781989237407_nvybwjsla,-0.7210751550069746,15,0.06666666666666667
P_1781989240354_ts4ubf572,-0.13587068194484953,19,0.2631578947368421
P_1781989244602_qa5dzxjpx,0.03688908728934004,16,0.3125
P_1781989245453_spl5dczk9,-0.3223762770729073,15,0.2
P_1781989257724_0qskmqas4,0.1617627805421546,12,0.3333333333333333
P_1781989259599_svkf059gn,-0.07413593722517331,12,0.25
P_1781989260654_ud72teovm,0.7304774102237368,13,0.5384615384615384
P_1781989263734_hs0ys9h25,0.643020001854409,12,0.5
P_1781989267688_x49wy2o65,0.5454794665538969,17,0.47058823529411764
P_1781989282164_0s1b7z8vk,-0.6397297204868343,13,0.07692307692307693
P_1781989284233_09dbh8at0,0.4782525027026725,18,0.4444444444444444
P_1781989289742_jm6xohxub,0.14159307690880502,14,0.35714285714285715
P_1781989302428_dxonihu9c,-0.9167998753247196,13,0.0
P_1781989304982_rylt915kh,-0.7110377052950362,15,0.06666666666666667
P_1781989305023_aww3ocjb4,-0.8106609058632263,15,0.06666666666666667
P_1781989307537_smr98rtj3,0.23246182884733935,16,0.375
P_1781989307873_5brauf0rk,-0.39815029686088566,13,0.15384615384615385
P_1781989311448_2xzrerh3f,-0.08416578484856174,12,0.25
P_1781989312110_nsnnfues1,0.28457720737284503,13,0.38461538461538464
P_1781989312296_tppaaxijv,-0.3030263893385563,11,0.18181818181818182
P_1781989312821_syz5lstmp,-0.22918177775225435,16,0.25
P_1781989312822_xpweuo863,-0.08398598131341783,14,0.2857142857142857
P_1781989314923_wifmioiz1,-0.5817841651655301,12,0.08333333333333333
P_1781989315842_cbajjjjw1,-0.24742807344868323,13,0.23076923076923078
P_1781989322506_23lbac86g,0.4276945493936946,14,0.42857142857142855
P_1781989325933_ypb1316lf,0.9608675948198138,15,0.6
P_1781989330964_tsl9442xi,0.09929312675949681,13,0.3076923076923077
P_1781989333334_1y6kuwmt1,-0.9266568259113742,13,0.0
P_1781989341309_1yfsz7iry,0.023635595227278428,13,0.3076923076923077
P_1781989350064_a5snanwrc,-0.07893464116381244,14,0.2857142857142857
P_1781989350993_4gv96bf5q,-0.31233186898302223,15,0.2
P_1781989352494_8vsxywhem,1.1257404884557913,15,0.6666666666666666
P_1781989356279_6w8pgc5r9,0.16689655057203795,14,0.35714285714285715
P_1781989377924_is0muqpsu,0.5606312294618215,13,0.46153846153846156
P_1781989378073_4b6nn7ohx,0.2072096037963705,14,0.35714285714285715
P_1781989389423_65js3cscm,-0.4861238105761235,14,0.14285714285714285
P_1781989392980_10ked3oq5,0.23752097386963206,16,0.375
P_1781989395009_ucljwzmsb,0.12646414359262165,12,0.3333333333333333
P_1781989396112_tv9vjp78q,-0.259577059288271,14,0.21428571428571427
P_1781989406401_llwm8clqe,-0.6780616475552802,14,0.07142857142857142
P_1781989407784_yq6wig3ak,-0.11656325893116715,13,0.23076923076923078
P_1781989417078_e9ondjm3l,-1.0081187528058306,15,0.0
P_1781989421219_duigsvx30,-0.9216493135537144,13,0.0
P_1781989422142_k6wxyx0v7,-1.035853446002982,17,0.0
P_1781989424229_f4dq4x9t6,0.1416097924722362,14,0.35714285714285715
P_1781989427236_by2fpjkc0,-0.49888637396607527,15,0.13333333333333333
P_1781989428812_yvvp6sbrb,0.888592654237345,16,0.5625
P_1781989436537_0clflu9sj,1.3444137604037016,14,0.7142857142857143
P_1781989439078_5k8q3s5yp,0.8229487571188198,16,0.5625
P_1781989445834_p89z8b0ss,0.2476264646011131,16,0.375
P_1781989446896_5zwal0ky3,0.003517729773163114,11,0.2727272727272727
P_1781989447042_eg45k52j7,0.8835435546337835,12,0.5833333333333334
P_1781989447614_p0bihlz1l,0.48993377875999433,13,0.46153846153846156
P_1781989449624_sqyi4xshb,-0.24961661953887615,14,0.21428571428571427
P_1781989450887_940thxvy7,-0.14378697312968158,16,0.25
P_1781989453148_a0gddfpe4,-0.1518926390937433,13,0.23076923076923078
P_1781989455675_6e6kk9v70,-0.5388789250258686,15,0.13333333333333333
P_1781989462320_dhdghsiqw,0.12142176241692881,12,0.3333333333333333
P_1781989466277_0iapuslza,0.21046887280205784,17,0.35294117647058826
P_1781989470115_hixv90e8p,1.1341496688353674,16,0.625
P_1781989470303_bvt4b3mu7,0.4848662572603587,13,0.46153846153846156
P_1781989483041_7e3ids78n,1.720544455729264,14,0.8571428571428571
P_1781989490239_bfsf4ukmd,-0.9932022494137974,15,0.0
P_1781989492412_710ah64zh,-0.023553871692571504,14,0.2857142857142857
P_1781989495874_yvz9fxf4v,0.8314934666723915,17,0.5294117647058824
P_1781989497359_bpr3vc0bq,0.750654280903115,15,0.5333333333333333
P_1781989501820_mjdzckunn,0.12458801062773989,15,0.3333333333333333
P_1781989503018_hfgpv095t,-0.47337793423940255,13,0.15384615384615385
P_1781989503836_wwqppw9iq,0.1667828994681596,14,0.35714285714285715
P_1781989505651_trk8vktic,0.39741108649096246,16,0.4375
P_1781989514741_wr59094oi,-0.1667654840558529,15,0.26666666666666666
P_1781989516764_qyrpfo6rt,-0.01863113708866182,14,0.2857142857142857
P_1781989521851_3qhzuvbra,0.27961225369965526,15,0.4
P_1781989522457_qik47qjy9,0.6329061717702832,14,0.5
P_1781989523856_co7ratlta,-0.6098442253884028,13,0.07692307692307693
P_1781989535132_rl9axyacb,-0.7326984446370696,10,0.0
P_1781989537252_074dl65d2,0.4848651440117038,11,0.45454545454545453
P_1781989551270_syklrcguc,-0.873582618997624,12,0.0
P_1781989553065_oj74a8qsc,-0.7378114576028098,10,0.0
P_1781989553340_2ajhe2v9o,0.3468493160778842,12,0.4166666666666667
P_1781989556623_1d7xdyn1n,0.23740520748946237,14,0.35714285714285715
P_1781989557421_rop867cve,-0.3858436017900039,12,0.16666666666666666
P_1781989557674_dnxw5900l,0.34527955596357673,15,0.4
P_1781989559215_7ti9l2nsg,0.2153116150001826,17,0.35294117647058826
P_1781989561646_rq4xdiufp,0.47480098400353565,13,0.46153846153846156
P_1781989562276_e1q00w1st,-0.3403707585934812,12,0.16666666666666666
P_1781989564681_23bgl2hrb,-0.589684321304078,13,0.07692307692307693
P_1781989577858_37vf0od2h,-0.39565222111619713,12,0.16666666666666666
P_1781989578438_t0hr1x2p6,0.6177733826895787,16,0.5
P_1781989589508_ikdgcexv2,-0.9799170476419569,14,0.0
P_1781989590042_vfjlc3qge,-0.2797300046896911,14,0.21428571428571427
P_1781989591455_02la6w1k2,-0.2496289257758112,14,0.21428571428571427
P_1781989592313_x0mq90kz5,-0.8668575080756021,13,0.0
P_1781989594007_52nla9jgh,-0.2576137608909912,11,0.18181818181818182
P_1781989596193_zyci1xt89,-0.22164385575025125,17,0.23529411764705882
P_1781989596448_06z52pey3,0.2526576421291777,16,0.375
P_1781989608647_ssgwods0r,0.24430925544481735,11,0.36363636363636365
P_1781989609635_2l75tdn1k,-0.3551921912865156,16,0.1875
P_1781989610053_1dxh8z8rl,1.6375875239545574,15,0.8
P_1781989611673_7s7434f34,0.21711242879744053,12,0.3333333333333333
P_1781989612086_j850d1j3m,0.3267571526484713,12,0.4166666666666667
P_1781989626096_nkdpq0ciq,0.013622479078508332,11,0.2727272727272727
P_1781989627080_et4fmrggi,0.7253992886907981,13,0.5384615384615384
P_1781989628241_k13h1m2jp,-0.1790048182377073,16,0.25
P_1781989639159_nb4h1dbfq,-0.744352986612599,16,0.0625
P_1781989640519_he3ti7k87,1.108943731422353,16,0.625
P_1781989646844_sgnccmo8i,0.40753942236063634,14,0.42857142857142855
P_1781989647713_6q52gjj9q,0.7456007139952765,15,0.5333333333333333
P_1781989650827_0gbyi19k5,-0.055643203865019975,17,0.29411764705882354
P_1781989662147_fmdbua4mw,0.9760360791751569,13,0.6153846153846154
P_1781989662475_6mdowkfy3,-0.3474835506201409,15,0.2
P_1781989669530_6hxeec3fg,-0.47399058847936615,11,0.09090909090909091
P_1781989669951_6vqwkapao,-0.47355018536026383,13,0.15384615384615385
P_1781989673415_un5qhvo3a,-0.25673189408902997,17,0.23529411764705882
P_1781989676021_w5l6vzjbw,0.269487850177138,13,0.38461538461538464
P_1781989686872_0ykdav4ry,-0.31487408881308676,14,0.21428571428571427
P_1781989691206_vegzxpgc8,0.12641017666042065,12,0.3333333333333333
P_1781989691627_w0v6dt7jo,-0.9998702073105311,14,0.0
P_1781989692250_9byxxamrp,-0.038792841062580075,14,0.2857142857142857
P_1781989694076_bahe7g36m,0.6951013333103807,13,0.5384615384615384
P_1781989697920_s3tusn12a,-0.8236428570547792,12,0.0
P_1781989712420_7a8sao40g,0.7051900457272946,11,0.5454545454545454
P_1781989712771_dxv00wj4v,-0.34253779833961284,15,0.2
P_1781989719419_ci3zqp5bp,0.12146916673028679,14,0.35714285714285715
P_1781989720761_r7etakzuh,0.24429698454692295,15,0.4
P_1781989727124_sanv6nt21,0.0893160826535011,13,0.3076923076923077
P_1781989737135_zbq3etf09,0.8229855592289614,14,0.5714285714285714
P_1781989738298_11zoa4j2g,-0.7408000589004174,15,0.06666666666666667
P_1781989742794_iaqttmpsy,-0.0034442897843456333,14,0.2857142857142857
P_1781989743924_zhj8o0w4b,0.1868677552511449,14,0.35714285714285715
P_1781989745614_kz4v3lae4,-0.6001496364581528,17,0.11764705882352941
P_1781989745836_sta48ztdt,0.011680123711464097,14,0.2857142857142857
P_1781989746686_ul3en4ult,-0.3757453108151827,12,0.16666666666666666
P_1781989749001_jtrz55v59,0.489929313677633,13,0.46153846153846156
P_1781989749543_xhdld3gq6,-0.16176613626419678,13,0.23076923076923078
P_1781989750197_5i7vyoayc,-0.9464724288265797,17,0.0
P_1781989754149_9ymtda5l2,-1.0579628324240562,15,0.0
P_1781989761666_3jcs4jt7m,-0.10627947386489867,15,0.26666666666666666
P_1781989765556_ikbyg8qip,-0.12875613690996746,16,0.25
P_1781989766056_lnuhyu31r,-0.24962135452751189,14,0.21428571428571427
P_1781989769634_tyb3kt362,-0.5312136719141952,14,0.14285714285714285
P_1781989776158_mzps43mvo,-0.03586289689018207,15,0.26666666666666666
P_1781989779089_lwkqcbxgf,-0.2644296088564796,18,0.2222222222222222
P_1781989784221_6e9m8dbcf,1.341311657151042,15,0.7333333333333333
P_1781989786954_z0n8z2t2p,0.1315940554718149,12,0.3333333333333333
P_1781989805978_1dyunq4jd,0.8481970508435548,14,0.5714285714285714
P_1781989808722_7rirw6dgg,0.45798635453695247,16,0.4375
P_1781989812952_y7ct2zmw6,-0.9782361023600629,15,0.0
P_1781989825945_tw4raep5y,-0.5767442044988457,12,0.08333333333333333
P_1781989842652_wcvzm1w3g,-0.33280156458940424,15,0.2
P_1781989843993_aairflx72,-0.6547005080866658,13,0.07692307692307693
P_1781989847052_dy82unxg7,-0.27474540143615134,14,0.21428571428571427
P_1781989848456_noxlkrj6l,-0.03890215005082576,14,0.2857142857142857
P_1781989865091_j768nv8pg,-1.0131604859737835,15,0.0
P_1781989865580_f93t3k5p8,-0.031681194211027885,13,0.3076923076923077
P_1781989868898_zrl9pxdqp,-0.6097639259602242,13,0.07692307692307693
P_1781989871771_aggy9scxl,-0.6571644565450329,12,0.08333333333333333
P_1781989874736_hjrdardpn,-0.08102937538497912,17,0.29411764705882354
P_1781989878424_7s66wtsw2,-0.8219499750454139,13,0.0
P_1781989878535_ht08rs4fl,0.8380742940485452,12,0.5833333333333334
P_1781989886820_i946o546c,0.8516636470033321,13,0.5384615384615384
P_1781989890311_2j0e38ne4,-0.9450382646219516,14,0.0
P_1781989904077_1gt66l86v,-0.5088713363710712,15,0.13333333333333333
P_1781989905801_p96b4bw17,-0.2625387737689039,13,0.23076923076923078
P_1781989907167_f54ogwuwt,-0.47851908869725845,13,0.15384615384615385
P_1781989908622_e3ytxwu3c,-0.5472506539074734,8,0.0
P_1781989912663_2c3516g04,-0.23462777352734498,14,0.21428571428571427
P_1781989915131_i6q8wi4rk,0.3250184654897198,15,0.4
P_1781989919276_irascg3hn,0.0035137556079204435,11,0.2727272727272727
P_1781989920464_yg2v1yg5x,-0.745619891855792,11,0.0
P_1781989921013_gwt6ifyxe,0.14485616973695292,15,0.3333333333333333
P_1781989925487_5zveuy4zp,0.7355008387465071,11,0.5454545454545454
P_1781989925527_c2saza9qf,-0.6218489363901748,16,0.125
P_1781989926635_cz0yvmmvx,-0.010413875094278602,17,0.29411764705882354
P_1781989927292_etihh73n6,0.2474849030989837,18,0.3888888888888889
P_1781989935496_d7qaq39uj,0.32169577326352583,14,0.42857142857142855
P_1781989941252_75d8z0eh2,-0.13685906065229136,13,0.23076923076923078
P_1781989941715_fsyqlxuzu,-0.5819716319621452,16,0.125
P_1781989945736_mycu9fkkm,-0.35051447526653057,12,0.16666666666666666
P_1781989947438_8by70sq6h,-0.6272181274363137,12,0.08333333333333333
P_1781989950866_m9u1txcwq,0.07421057884050303,15,0.3333333333333333
P_1781989959032_ebkiw7trc,-0.6399593890927483,9,0.0
P_1781989967424_bklx7hi5l,-0.013492959381765757,14,0.2857142857142857
P_1781989976287_ulf0q2030,-0.2372615134220215,13,0.23076923076923078
P_1781989977821_0rsx0own5,-0.7477308386696341,14,0.07142857142857142
P_1781989978986_rz6go91y6,-0.3098699053968641,14,0.21428571428571427
P_1781989980080_muxrlsqd6,-0.8137091800678465,12,0.0
P_1781989981340_t7r4orf92,0.004693337311410306,17,0.29411764705882354
P_1781989984011_ptywa3iil,0.2593885135863619,15,0.4
P_1781989989313_rfgb0l04f,-0.21941663415627044,14,0.21428571428571427
P_1781989992306_p4fcigepn,-0.45823366092718454,17,0.17647058823529413
P_1781989993708_dd22p9dk3,-0.6219711133314879,12,0.08333333333333333
P_1781989996572_7h75cibx0,0.10116923272299061,10,0.3
P_1781990006862_8l4xt3nae,-0.11130877907157755,15,0.26666666666666666
P_1781990009614_un1op5sm2,-0.15905141068577622,16,0.25
P_1781990013960_vdmzoo4kl,0.17689616863164276,14,0.35714285714285715
P_1781990023660_rymtd034s,-0.05595063785712184,15,0.26666666666666666
P_1781990028681_m0q20nwzz,0.05716265942049081,16,0.3125
P_1781990035908_j4ddlbeq6,-0.4759012459093134,14,0.14285714285714285
P_1781990038963_7dkgrccac,-0.4232146259659185,13,0.15384615384615385
P_1781990043484_b2hh2jisv,0.26955476358082214,15,0.4
P_1781990054920_mye8qaaix,0.5050900040373114,11,0.45454545454545453
P_1781990072141_5gpy8u6ta,-0.6949101779006114,13,0.07692307692307693
P_1781990079152_w0tiak4ga,-0.5360174793457372,14,0.14285714285714285
P_1781990080204_pbadaqhye,1.2437845139634938,14,0.7142857142857143
P_1781990083924_zp696ut9t,-0.19642648464971446,17,0.23529411764705882
P_1781990096105_xh2wwm5b9,-0.07916899810064026,12,0.25
P_1781990101425_sprqw69nl,0.44953315045155046,11,0.45454545454545453
P_1781990106796_brj3aure1,0.8734676539537124,14,0.5714285714285714
P_1781990115367_r5jj4xz9l,0.4024897621839121,12,0.4166666666666667
P_1781990117839_owo37cxah,-0.4433108810973402,13,0.15384615384615385
P_1781990124824_ok0n50xj9,-0.9437629798016453,15,0.0
P_1781990126305_ccy2to7kf,0.7960928385822141,13,0.5384615384615384
P_1781990128576_63ko4vhec,-0.18711338201954408,13,0.23076923076923078
P_1781990144971_10egdcoxu,1.4926571135176188,13,0.7692307692307693
P_1781990153863_8wvmf83o5,-0.47857026235149236,13,0.15384615384615385
P_1781990172581_qgekxds7c,-0.8868675934735492,13,0.0
P_1781990178004_lgabnt0ma,-0.2651200488287193,12,0.16666666666666666
P_1781990178221_sxx0fde5z,-0.006561116686838564,13,0.3076923076923077
P_1781990179380_cil20ohvz,1.0736484233805617,12,0.6666666666666666
P_1781990180664_az85a8ddc,-0.8938967136554611,15,0.0
P_1781990188255_uz2dl87v2,0.062172336696679764,16,0.3125
P_1781990192522_90nmxjroa,0.6127421249314745,16,0.5
P_1781990193448_zihnbe8xr,0.5050989344490687,15,0.4666666666666667
P_1781990197422_y6q51kmje,-0.987045178090383,16,0.0
P_1781990201419_gylndqvuv,0.7809366172493306,15,0.5333333333333333
P_1781990206407_nbmbh0alb,1.9719438948236907,14,0.9285714285714286
P_1781990207825_ksogagl8u,-0.0033780721780450884,16,0.3125
P_1781990210243_4gx3m4pff,-0.9102925426230078,14,0.0
P_1781990219257_etr5zoq7l,0.0892120455844635,13,0.3076923076923077
P_1781990237778_fqekgbnrj,0.3822448177947061,14,0.42857142857142855
P_1781990238366_6htcgrzqt,-0.11641409237254075,15,0.26666666666666666
P_1781990243711_8in0aspgd,0.5404141866020996,13,0.46153846153846156
P_1781990249458_19z0njf31,0.7203585633696619,13,0.5384615384615384
P_1781990251578_v49rgsnoa,-0.7210699200418439,15,0.06666666666666667
P_1781990264595_c9l33dh3b,-0.29483946662060945,14,0.21428571428571427
P_1781990267209_yvrz1je99,0.3772543023970971,16,0.4375
P_1781990269234_ax7tmnv3a,0.6950996622043154,13,0.5384615384615384
P_1781990270937_4m1l1afja,0.07406820275445547,13,0.3076923076923077
P_1781990276298_nc8voadbc,-0.9820483503248324,16,0.0
P_1781990288245_i5x405pth,0.4832759371426715,16,0.4375
P_1781990295533_fxmfyv4p0,0.7926881621997904,14,0.5714285714285714
P_1781990302769_jovfk7w1r,0.8633343072285358,12,0.5833333333333334
P_1781990309121_raqqetaqc,-0.8357736135328776,15,0.06666666666666667
P_1781990309251_ck3tm6m4i,1.088747884448891,12,0.6666666666666666
P_1781990338220_0elpbh5b9,0.3199705576682408,13,0.38461538461538464
P_1781990353467_a4hmebrif,-0.10444153354346075,12,0.25
P_1781990365971_9fqt70ltu,1.5298178262702362,14,0.7857142857142857
P_1781990367374_s321vhvsz,-0.18893200991304626,16,0.25
P_1781990387093_qo67h3xb0,0.45795297810795027,16,0.4375
P_1781990392758_q3wo41fhb,-0.023646228581149065,14,0.2857142857142857
P_1781990393496_eqjfhbr98,0.6278771656573676,16,0.5
P_1781990409471_rmoo0lo6r,0.28467250873679933,13,0.38461538461538464
P_1781990413459_r7bhx0jcz,1.196492457838445,13,0.6923076923076923
P_1781990418988_65l2urz7b,0.8481953701193875,14,0.5714285714285714
P_1781990422198_3byo1r01d,0.20893318371129355,11,0.36363636363636365
P_1781990422249_uh18m0ys9,0.23750815763904148,16,0.375
P_1781990437998_yqzhxnltx,-0.7127929365235538,14,0.07142857142857142
P_1781990450738_g736h31cz,-0.6572760907570793,12,0.08333333333333333
P_1781990473826_5huyihp2w,-0.9716767406482231,13,0.0
P_1781990486918_j3ho89tw8,2.0020465218593535,14,0.9285714285714286
P_1781990488678_azrfg5v5d,0.4259548435696502,17,0.4117647058823529
P_1781990501129_hjvg9faoi,-0.4101628217172131,16,0.1875
P_1781990520028_cfpmw5mnh,1.0887345273903943,12,0.6666666666666666
P_1781990526467_bbfbnjasp,-0.7195548962703707,16,0.0625
P_1781990526577_k0kdnielo,-0.04566582328851887,17,0.29411764705882354
P_1781990527946_ve41u1cbi,0.7506699090643658,15,0.5333333333333333
P_1781990531128_wzloms9e3,1.25699927384302,13,0.6923076923076923
P_1781990535563_wet2vfay7,0.21906373375553556,9,0.3333333333333333
P_1781990544134_w6syp8lde,-0.53620453755032,14,0.14285714285714285
P_1781990550130_g7vcubsvk,-1.0268249115969121,16,0.0
P_1781990554857_wjm3yrjc2,-0.8287148209213276,12,0.0
P_1781990571080_g0ugon75w,0.09428783220037751,13,0.3076923076923077
P_1781990571746_z6h5s8ktv,-0.39299103174453065,13,0.15384615384615385
P_1781990577156_785s5vent,1.028206085904427,14,0.6428571428571429
P_1781990578520_e7cfo2ga7,-0.8740996721762176,16,0.0625
P_1781990612239_d4ot414n5,0.11123328522212861,12,0.3333333333333333
P_1781990615937_ppr2ilelz,1.5430372094258722,11,0.8181818181818182
P_1781990629228_4f9nd0cjn,0.25270336060234316,16,0.375
P_1781990633346_fgb8yy4id,-0.9634170946717749,15,0.0
P_1781990634195_vp8udnzbp,0.31499275305395497,15,0.4
P_1781990635284_quff7d9qv,-0.4410196512621559,14,0.14285714285714285
P_1781990647993_19c6243py,-0.36800537070181105,13,0.15384615384615385
P_1781990651214_dirr7g8sh,0.690047769362545,13,0.5384615384615384
P_1781990653584_yh7o0dmby,-0.04867633913868885,14,0.2857142857142857
P_1781990674480_122h7y71d,-0.5818313587520697,12,0.08333333333333333
P_1781990677701_rth3zpiw6,1.8586877352076234,15,0.8666666666666667
P_1781990684014_c35ee2zk3,-0.40081625161773393,12,0.16666666666666666
P_1781990684331_8jiit7kc7,0.8734576201584374,14,0.5714285714285714
P_1781990699957_nwi58ay1b,1.0987769422767597,14,0.6428571428571429
P_1781990706755_r465ke6ou,-0.7059431473366368,15,0.06666666666666667
P_1781990710663_1hc1ygyjg,-0.2971440770669259,15,0.2
P_1781990718594_8oymxzsqh,-0.18700373563108896,13,0.23076923076923078
P_1781990718703_ex83gn3is,0.287786385065325,14,0.35714285714285715
P_1781990728073_e32wfsrpy,0.08421077865126608,13,0.3076923076923077
P_1781990736192_6kxl67nez,-0.2575691887468713,11,0.18181818181818182
P_1781990761153_ufw2938au,-0.9899158285391753,14,0.0
P_1781990762906_4tp6kst2x,1.1611521604311101,13,0.6923076923076923
P_1781990774318_s8g7avb5p,0.15847340798659287,9,0.3333333333333333
P_1781990780591_fpl77lmnk,-0.6248176886417337,13,0.07692307692307693
P_1781990785367_r7tczlf7m,1.8114420456944882,12,0.9166666666666666
P_1781990798159_oem8hourl,-0.14155627224475542,15,0.26666666666666666
P_1781990798285_f0cr8mj8b,-0.5060270595531383,14,0.14285714285714285
P_1781990798382_ltmmycrlb,-0.5443034114288331,15,0.13333333333333333
P_1781990821923_kofwlwtbw,0.6177733836774839,12,0.5
P_1781990844218_n2527vzk6,-0.8236412479850975,12,0.0
P_1781990860386_nlovwsl6s,-0.519022147468322,11,0.09090909090909091
P_1781990861317_fp7c08k3q,0.23928134952042013,13,0.38461538461538464
P_1781990870220_3fwv1sr10,0.3350760429942349,13,0.38461538461538464
P_1781990872783_79xwdd3yz,-0.8190381311161311,16,0.0625
P_1781990876336_run0a0lzx,-0.16135485345459033,17,0.23529411764705882
P_1781990894074_ka2s3cvso,1.4170156078958822,13,0.7692307692307693
P_1781990908220_mo3mvjpth,-0.9238722957241455,15,0.0
P_1781990908883_q49ffdlg2,-0.6720399811744905,12,0.08333333333333333
P_1781990928026_7g73hj2gl,0.8936333817803969,14,0.5714285714285714
P_1781990942642_p9gaui6ym,1.262150913170705,9,0.7777777777777778
P_1781990975260_b7qmmmfi0,-0.42314258189252707,13,0.15384615384615385
P_1781990984684_lnmijuy06,0.7203820030201146,11,0.5454545454545454
P_1781991007229_ihabafnf4,0.2291669815469311,13,0.38461538461538464
P_1781991024251_wo5f1dqaz,-0.9278328827209606,16,0.0
P_1781991037737_vqg572mer,-0.47589814349574244,14,0.14285714285714285
P_1781991050195_tk480862t,-0.011471440694636015,13,0.3076923076923077
P_1781991053063_f7gtfr6vc,0.4343351225252121,13,0.46153846153846156
P_1781991063971_fapslel3w,0.07424513157728618,15,0.3333333333333333
P_1781991064014_mr8t88pvg,-0.17691211014566854,13,0.23076923076923078
P_1781991065353_iq69qc4du,-0.5791689574363331,15,0.13333333333333333
P_1781991068066_il91k6a4q,0.0893968878382258,15,0.3333333333333333
P_1781991072675_fcd57klr0,0.6647866355321528,15,0.5333333333333333
P_1781991103592_xid0k1uhs,-0.89206491489473,13,0.0
P_1781991111368_pp2vq9ck1,0.36039733141881347,17,0.4117647058823529
P_1781991144210_0q2b6wfgp,0.18702991180769674,14,0.35714285714285715
P_1781991148506_urkn1g28b,0.1699867298227477,17,0.35294117647058826
P_1781991153175_jve2rv2mr,-0.7807663072998522,15,0.06666666666666667
P_1781991163550_avwrq45o4,0.7960995355908376,15,0.5333333333333333
P_1781991166590_by3ke9gre,-0.6048622800281914,13,0.07692307692307693
P_1781991176946_bz7b66g57,1.299129580857012,14,0.7142857142857143
P_1781991178040_fdyqb0u1u,-0.9101253103562686,14,0.0
P_1781991188016_01bkpej5b,-0.20710268693640665,13,0.23076923076923078
P_1781991211462_r8ov57vfp,-0.5819427800443334,16,0.125
P_1781991214113_ikb72kn96,0.09933770587112739,15,0.3333333333333333
P_1781991222122_jw1vxs69y,-0.4360726141386019,18,0.16666666666666666
P_1781991223876_5xadw7iz4,-0.36816278256378465,17,0.17647058823529413
P_1781991250381_wyt97x8id,-0.891988443109539,13,0.0
P_1781991260063_9fajbws6j,0.29479635068924864,17,0.4117647058823529
P_1781991260364_sq53whqlm,1.720233611968887,16,0.8125
P_1781991267654_slnob3guy,-0.6195745592362006,11,0.09090909090909091
P_1781991270132_039zue69m,0.9103793740039872,15,0.6
P_1781991291110_76zrkm724,0.28631691544581556,10,0.4
P_1781991308580_66pay1iof,-0.1417083674790568,13,0.23076923076923078
P_1781991326031_dlummsiij,-0.04870528741219049,14,0.2857142857142857
P_1781991336746_oss90vojz,-1.0047401048598283,14,0.0
P_1781991354295_wucim6wck,0.38053571186560997,15,0.4
P_1781991357874_lj3wssnp0,1.5873247202888274,15,0.8
P_1781991358044_ffqul7zmi,1.1509503148704348,17,0.6470588235294118
P_1781991363152_kfyrv835r,1.0736652267286702,14,0.6428571428571429
P_1781991365772_5n7qg1oyx,0.0741527186046188,15,0.3333333333333333
P_1781991403494_5vt9nmblm,0.7658093993484032,11,0.5454545454545454
P_1781991404631_jc5jssdbj,0.4933050117454418,16,0.4375
P_1781991407198_drt1382ct,0.43275984660890154,14,0.42857142857142855
P_1781991414375_nqmn2seyl,0.20720633838820157,14,0.35714285714285715
P_1781991417377_wowuz41c3,-0.7958007127018681,15,0.06666666666666667
P_1781991419322_ftkq926g5,0.5909520629325536,15,0.4666666666666667
P_1781991421313_kuj7xm7ji,-0.803806296321499,12,0.0
P_1781991426732_jb2lyueae,-0.9601019873575266,14,0.0
P_1781991437412_1qvv6kiy9,0.42262652327229033,14,0.42857142857142855
P_1781991443554_s1lj5ugdq,-0.22164025553970812,17,0.23529411764705882
P_1781991484283_8nr01au65,0.4882994171611994,14,0.42857142857142855
P_1781991499708_7yhnbneyp,-0.07398416002525132,14,0.2857142857142857
P_1781991538553_4w4l964wm,-0.9586468597776615,15,0.0
P_1781991541139_vf4okzwiz,-0.6369720087313911,12,0.08333333333333333
P_1781991546066_lv3162fsf,0.26776337898875807,16,0.375
P_1781991577414_d9h9svmzb,-0.9204706827068895,14,0.0
P_1781991585035_xnkyhck41,1.2015544445496755,13,0.6923076923076923
P_1781991587659_5ibdwjpuu,-0.154935127020415,10,0.2
P_1781991611282_vc4lf7x10,0.9456990793993622,15,0.6
P_1781991632240_t2w93yp0c,0.7405633353280145,15,0.5333333333333333
P_1781991633068_vpt4tjufj,0.4074853357693075,14,0.42857142857142855
P_1781991633784_kki1n6uq1,-0.053891804922481246,14,0.2857142857142857
P_1781991633910_71epl28si,0.4277146418964365,16,0.4375
P_1781991641572_yrlvo40ay,0.3671321101175966,14,0.42857142857142855
P_1781991647845_9hinr66tv,-0.12136265495139675,15,0.26666666666666666
P_1781991657612_37wnpcvea,-0.9935011620863744,15,0.0
P_1781991662753_0bu3wo39w,0.043892056512904065,13,0.3076923076923077
P_1781991667887_1bk4ibkz7,1.0887049638686945,14,0.6428571428571429
P_1781991720668_dc48y2g7p,-0.008427176223351429,14,0.2857142857142857
P_1781991723189_lg6nwg0gs,0.05203042656893375,16,0.3125
P_1781991738219_bjpe48gx2,0.9710371737497765,15,0.6
P_1781991774047_f4n1r0vs7,0.7203423736501262,11,0.5454545454545454
P_1781991782085_75kuqkpnm,-0.9833530741498596,15,0.0
P_1781991805351_ljwcdt0y3,-0.3827697051076271,15,0.2
P_1781991833996_jn3l9098x,-0.5420710712671689,16,0.125
P_1781991836142_kdf9sr9ag,-0.8186292347244123,12,0.0
P_1781991845116_ir6403g69,-0.6961072559251705,15,0.06666666666666667
P_1781991847586_680ij2xma,-0.9300675806866517,14,0.0
P_1781991851466_jswn76eoj,-0.8853602800532491,14,0.0
P_1781991876620_93ffpim34,-0.07716324440070887,11,0.2727272727272727
P_1781991880959_ngwjlofde,-0.18200620872272566,13,0.23076923076923078
P_1781991892720_evzxp256j,-0.5488795695426941,15,0.13333333333333333
P_1781991922010_41bds4d93,0.013661451074175046,11,0.2727272727272727
P_1781991936331_ufk36lblh,-0.28227882291937634,15,0.2
P_1781991943645_l4z7dwlxo,-0.7707069880790655,11,0.0
P_1781991958813_wt7oxxpne,-0.030799996480596503,15,0.26666666666666666
P_1781991959719_knlykffyc,-0.32235927205177817,15,0.2
P_1781991974321_r3oezwyca,0.01869343670589174,13,0.3076923076923077
P_1781991980667_xhocyyqre,0.42775313139440585,16,0.4375
P_1781991995313_z7a1u5r9g,0.5555921774665795,15,0.4666666666666667
P_1781992014266_mi5qplkpy,0.5101301754489453,13,0.46153846153846156
P_1781992024337_m8ow0sun5,0.11968870630669082,17,0.35294117647058826
P_1781992028048_3n5evvqvp,-0.5941223655626217,15,0.13333333333333333
P_1781992028898_pybf42u98,0.22412511314048023,13,0.38461538461538464
P_1781992036658_h13n1912b,0.0994047810771575,13,0.3076923076923077
P_1781992048665_kkaby145l,0.2375555241153116,16,0.375
P_1781992100540_whsjk7z9q,-0.690100302662977,9,0.0
P_1781992104665_eano8evvq,-0.5470000763108535,12,0.08333333333333333
P_1781992111939_49rjbne55,-0.15988157862871744,10,0.2
P_1781992156073_cn94ifqub,0.17688719475548587,12,0.3333333333333333
P_1781992166039_4ea9107f6,-0.8457999834724245,11,0.0
P_1781992179868_qcsbbxrh2,-0.12945913863646996,12,0.25
P_1781992192576_sg62aazuf,0.8835819982916019,14,0.5714285714285714
P_1781992220018_8qhuf2l43,0.8532255037878378,14,0.5714285714285714
P_1781992222835_itku22vcw,-0.9300330391371624,14,0.0
P_1781992229885_9oqxmg3dj,1.2064519523511263,15,0.6666666666666666
P_1781992247058_7whwo3gzx,1.5246981445787486,14,0.7857142857142857
P_1781992258654_7jlzgpfm7,0.07913237314458021,13,0.3076923076923077
P_1781992265798_1ebu4wt9e,0.21217681874041983,12,0.3333333333333333
P_1781992271723_5jc1b5wjz,-0.08918379877609772,12,0.25
P_1781992314947_rxfa0upot,0.7860046877235841,13,0.5384615384615384
P_1781992416920_prcpdeu5d,-0.6748487170636285,13,0.07692307692307693
P_1781992431242_p9buglrdw,0.8784989159178727,12,0.5833333333333334
P_1781992439198_pb6aqkzep,-0.967428585480499,16,0.0
P_1781992449604_898dbqwcy,-0.7990125469502632,16,0.0625
P_1781992465015_dvknzgr1s,0.5353500329597861,13,0.46153846153846156
P_1781992469242_eld6asulw,1.100501715285452,15,0.6666666666666666
P_1781992511105_1k2mj3o9f,-0.8421252646148351,13,0.0
P_1781992516644_9hc2h2mpg,0.8380782037424455,10,0.6
P_1781992516795_dcaog4n2l,-0.03787875096292237,18,0.2777777777777778
P_1781992542298_wu9vx6wg7,-0.006606131913416635,11,0.2727272727272727
P_1781992567362_x1gmqn0xb,0.23926626885830293,15,0.4
P_1781992590383_9c0e0emnk,0.3822838678491638,14,0.42857142857142855
P_1781992597069_ky7amkf9c,-0.5951983541433906,17,0.11764705882352941
P_1781992605050_wtfpna5j6,0.41761920510666506,14,0.42857142857142855
P_1781992612426_c3umhstsp,-0.7246728726986739,16,0.0625
P_1781992642189_vdh1qnp8k,-0.15896083631188673,16,0.25
P_1781992651092_0a6046gkm,0.7052274379967498,11,0.5454545454545454
P_1781992662870_viextkoqs,-0.13391637190840777,16,0.25
P_1781992680918_cuh0p26d7,-0.5919560195821664,12,0.08333333333333333
P_1781992684843_qghmew8f4,-0.09739252541119248,9,0.2222222222222222
P_1781992699471_vf7xy8irq,-0.5487127441471616,15,0.13333333333333333
P_1781992700304_65m976rcm,-0.999724875707822,14,0.0
P_1781992700751_hwzhz9nhw,0.28464409395535084,13,0.38461538461538464
P_1781992707497_6wofdp1s9,-0.2171547150378702,13,0.23076923076923078
P_1781992707711_a29787gmv,-1.0629673691716328,15,0.0
P_1781992714581_o0b83sd4m,0.4073900176387816,10,0.4
P_1781992747385_h5g8dshic,0.9710031567046811,13,0.6153846153846154
P_1781992764953_rng99iwtq,-0.2322246578422814,13,0.23076923076923078
P_1781992781732_wf4acz71p,0.6632392921791981,14,0.5
P_1781992823568_ra9vgy7t2,0.9659306194255479,13,0.6153846153846154
P_1781992845933_oqn9bvkoz,0.2796122677338276,13,0.38461538461538464
P_1781992847202_wl6v28vg4,0.5404465450713266,11,0.45454545454545453
P_1781992861601_nhgo6e0xu,-0.9168031240923812,13,0.0
P_1781992925354_169ypleqt,0.12253235983860866,16,0.3125
P_1781992943397_f23qq2g2i,0.863330404198295,12,0.5833333333333334
P_1781992984892_vhi3a9b8o,-0.16191592752972117,13,0.23076923076923078
P_1781993017313_re6vw2uoy,0.3418542440043475,14,0.42857142857142855
P_1781993047044_pswb0ywld,-0.7027760213665791,14,0.07142857142857142
P_1781993048632_0z2jf9wzm,0.3150044863074348,15,0.4
P_1781993076130_mcaww5rbr,-0.21712035721247136,13,0.23076923076923078
P_1781993089593_5362hw51p,1.2940342467293298,14,0.7142857142857143
P_1781993090365_se8b8tv49,-0.24955664658995103,14,0.21428571428571427
P_1781993098665_n1vyqtr2c,0.718754312575901,14,0.5
P_1781993123138_2zcijm1jo,-0.9750160884046154,14,0.0
P_1781993123518_1v2y3pzli,-0.26469604732787755,14,0.21428571428571427
P_1781993131801_89zcf6xdy,0.6748920960226322,13,0.5384615384615384
P_1781993180772_3lyajnpq8,2.0348146100458493,15,0.9333333333333333
P_1781993189087_fepuzx9s2,-0.27474469485535924,14,0.21428571428571427
P_1781993203854_wd6kmx4zl,-0.5439482179899787,15,0.13333333333333333
P_1781993208926_kby1uf9fv,0.6329178969012936,10,0.5
P_1781993222430_rixudidcl,0.7456286007351555,11,0.5454545454545454
P_1781993241072_bsui2pnd4,0.4276911990389458,16,0.4375
P_1781993258256_ezu13uwuq,0.5252891991436073,11,0.45454545454545453
P_1781993286655_klup6dio4,-0.12867465934907762,16,0.25
P_1781993310341_y8pf3g71k,0.8936311486222115,12,0.5833333333333334
P_1781993323142_2qy9iauuz,-0.03364754894676536,14,0.2857142857142857
P_1781993344378_5achdgrsi,-0.3952160965458785,16,0.1875
P_1781993344802_m0kdva6sg,0.5101206992640471,15,0.4666666666666667
P_1781993363258_u3jod55ky,-0.9748569208998713,14,0.0
P_1781993369699_phnrf1x6u,0.4630500028172974,14,0.42857142857142855
P_1781993395178_y0wjbavv6,-0.6646608180028167,13,0.07692307692307693
P_1781993423530_vtha9dypc,-0.25939238164701106,18,0.2222222222222222
P_1781993438988_a4sgju0tv,0.28968200388441845,11,0.36363636363636365
P_1781993440279_yx012x6et,-0.19199981622537876,13,0.23076923076923078
P_1781993441054_pov2xe0z0,-0.006557128069595186,11,0.2727272727272727
P_1781993456193_pbb47aj8p,0.2223140711293462,14,0.35714285714285715
P_1781993457429_v7nkk0593,0.6480774759871989,12,0.5
P_1781993470423_w8gl6qu4m,0.23922889632653588,13,0.38461538461538464
P_1781993500224_auec6qk92,0.259421420064537,13,0.38461538461538464
P_1781993532299_90t4pguqs,-0.2224599081283929,11,0.18181818181818182
P_1781993535241_h0xqzvebu,-0.47598498475866513,14,0.14285714285714285
P_1781993536067_i0d0pvf6w,0.3165904292528181,8,0.375
P_1781993539364_mdhcpe9xi,-0.7755761153341726,11,0.0
P_1781993543645_1tq0kvjl3,0.7809382935380105,11,0.5454545454545454
P_1781993570357_0fidl5ly4,0.23932709806245872,15,0.4
P_1781993586737_wdf2qcr19,-0.6298638203744166,9,0.0
P_1781993598155_41xlyyy1f,0.4545900662330926,13,0.46153846153846156
P_1781993620016_0d6tc574z,0.6329201303065138,14,0.5
P_1781993629709_fxuz5oolw,-0.8637116974564342,12,0.0
P_1781993699413_nnqaqq2x7,-0.8056622886820365,11,0.0
P_1781993714532_rd9tafh6l,-0.4382808161271481,13,0.15384615384615385
P_1781993718896_089c3moeu,-0.9970392030737346,16,0.0
P_1781993718999_pblzcdwb6,-1.0368056064411277,16,0.0
P_1781993761885_ijhj3pxz2,-0.008697946237507526,12,0.25
P_1781993797656_97apaema9,0.15848680864873854,13,0.38461538461538464
P_1781993850109_em7lpko57,-0.25939238164701106,18,0.2222222222222222
P_1781993851777_yv0irtssy,0.3098984787859044,13,0.38461538461538464
P_1781993859014_s88nf97qs,-0.020711715692276922,15,0.26666666666666666
P_1781993863450_3drfozmdb,-0.6089768054635395,15,0.13333333333333333
P_1781993879853_hiu6zd0dc,0.30813258241559444,16,0.375
P_1781993912798_636z7p05t,0.8633477108673587,14,0.5714285714285714
P_1781993920821_amr5t1vnf,0.01875016741761748,13,0.3076923076923077
P_1781993949634_qhqtz213l,-0.7480625685660537,14,0.07142857142857142
P_1781993952951_pxcq73ssm,0.1449464746957811,17,0.35294117647058826
P_1781993971722_dv0tg451i,-0.5289906230499063,15,0.13333333333333333
P_1781993971863_9kbizosxf,-0.7457148236776389,15,0.06666666666666667
P_1781993979307_jbhpi2l6b,-0.6097434809479013,13,0.07692307692307693
P_1781993989657_6twcv216x,0.24250930536421916,16,0.375
P_1781994014333_0wr2xlpvl,-0.7327006610130619,14,0.07142857142857142
P_1781994099079_u7jfnx1j8,-0.22414149599629896,16,0.25
P_1781994121095_bp91bjbc0,0.21240143618197027,16,0.375
P_1781994134342_69cei8cst,0.08105344801947995,10,0.3
P_1781994153753_zwhk6py91,0.5975663746130369,16,0.5
P_1781994165543_cxah2p8zo,1.504885428710688,14,0.7857142857142857
P_1781994199697_j45tigb19,0.7203658165076168,13,0.5384615384615384
P_1781994210393_5hdhcdgrc,2.2601775483538473,16,1.0
P_1781994235676_hrk0xxq80,-0.48622252859518655,14,0.14285714285714285
P_1781994274924_fad3q310w,0.8633253805176524,12,0.5833333333333334
P_1781994278008_if10kkcmv,-0.2921924662996994,15,0.2
P_1781994313771_2f3b2ywl0,0.5808460534702387,15,0.4666666666666667
P_1781994325370_g118zee66,-0.11431965126321753,12,0.25
P_1781994348983_eoek8uefj,0.10954205243581194,15,0.3333333333333333
P_1781994412644_s6wf4jt8y,0.23558243042065224,17,0.35294117647058826
P_1781994498632_eq4u8wtkq,-0.22222046849025523,13,0.23076923076923078
P_1781994550523_j5zc6c9e6,-0.09424613290018924,12,0.25
P_1781994562033_aikbyc8k9,-0.4483559698176317,13,0.15384615384615385
P_1781994594100_a3kwoyvel,0.30280665430919906,14,0.35714285714285715
P_1781994607874_5mmqlcrc2,0.3098940573051048,17,0.4117647058823529
P_1781994642135_po9y5yqgu,1.2720924954140282,13,0.6923076923076923
P_1781994671111_i5vgz69nh,1.1863403047102565,15,0.6666666666666666
P_1781994684626_4okyk81sb,-0.8056309049559319,11,0.0
P_1781994721726_0hx19g9ty,-0.0963774642600368,15,0.26666666666666666
P_1781994753223_ff309y00b,0.05896370062219608,13,0.3076923076923077
P_1781994766296_lbuwnu62i,-0.6318656467149791,12,0.08333333333333333
P_1781994787169_stjo4e7t2,1.6577843760591229,15,0.8
P_1781994797447_f1bm50fu5,0.5773694136500496,10,0.5
P_1781994817318_6m32rd089,0.6884407684577588,16,0.5
P_1781994830281_fryznr7t2,-0.23959990715481871,14,0.21428571428571427
P_1781994877070_cb2hkhhsv,0.4545962061223934,13,0.46153846153846156
P_1781994982213_46ftsb4e5,0.9507727321525397,13,0.6153846153846154
P_1781995017943_w7mrl5myl,-0.11637764993025801,15,0.26666666666666666
P_1781995046236_iwhavtai0,-0.48888940580670226,11,0.09090909090909091
P_1781995056344_vy4siq9pr,0.08916724997458919,13,0.3076923076923077
P_1781995056729_mcnb9rfft,-1.006841794098782,16,0.0
P_1781995064508_msjlcyx3b,-0.30719697666017753,19,0.21052631578947367
P_1781995091051_v66r1djvo,-0.011543896212848126,13,0.3076923076923077
P_1781995214578_73ne0d1hn,-0.37305470227476367,13,0.15384615384615385
P_1781995221636_50ffbsni3,-0.00843406199719765,16,0.3125
P_1781995292008_syr728gjg,0.02874310486879128,13,0.3076923076923077
P_1781995331250_schsu91ad,1.016440068427682,13,0.6153846153846154
P_1781995344331_0gfns6m9s,-0.212115568162901,13,0.23076923076923078
P_1781995360658_h2sq2f7a5,-0.04879711709332235,14,0.2857142857142857
P_1781995393808_l2tutp2e1,-0.42285587480416864,15,0.2
P_1781995521292_p63n2izod,0.34186207053018836,12,0.4166666666666667
P_1781995565510_b9zis9dy4,0.33007597607491934,15,0.4
P_1781995601696_f8vs29ad8,-0.46892965525526853,11,0.09090909090909091
P_1781995615370_ujlj2dxtm,-0.6578549031601285,14,0.07142857142857142
P_1781995636026_iv0csl64z,-0.5562297562479029,14,0.14285714285714285
P_1781995650639_lyxv3ggex,0.41257292116996463,14,0.42857142857142855
P_1781995651448_81rfpzcsq,-0.23449159169532952,14,0.21428571428571427
P_1781995661200_qhasbc0fd,0.9861298411579901,15,0.6
P_1781995697366_wgseyafr4,-0.8722869739148565,17,0.058823529411764705
P_1781995771902_21309yg64,-0.0720400553356525,11,0.2727272727272727
P_1781995788311_eh4u8gmy8,0.18697703524531717,14,0.35714285714285715
P_1781995820470_8ikcuei4b,-0.7888828763295742,12,0.0
P_1781995831257_zp9t1kebw,-0.5061361699132197,14,0.14285714285714285
P_1781995850784_3fltxsih0,0.40072544976437174,15,0.4
P_1781995870514_xzopz37kb,-0.021795754819708746,11,0.2727272727272727
P_1781995875369_mcrs8zxy3,-0.6528591145420052,14,0.07142857142857142
P_1781995878822_v2oln645g,0.3570489673987187,14,0.42857142857142855
P_1781995920964_fmwtw8jwz,-0.3104187307447376,12,0.16666666666666666
P_1781995937512_9gc69qcv0,-0.05600014981481938,15,0.26666666666666666
P_1781995951895_0gdyujd0h,-0.3677354980401609,15,0.2
P_1781995974333_rkc38pjle,1.3797881078094092,12,0.75
P_1781996005705_o694uzh90,0.011649024117423856,14,0.2857142857142857
P_1781996037834_2bm34zgtq,0.7708635255953936,13,0.5384615384615384
P_1781996165257_y6fmv4mg1,1.8284993374442444,15,0.8666666666666667
P_1781996187446_4q22o5zbl,0.47479986557296183,13,0.46153846153846156
P_1781996188139_xvaqxyzh7,-0.7176661798436731,14,0.07142857142857142
P_1781996220417_f4947cd40,-0.4001596143469186,16,0.1875
P_1781996264686_5qsqacj0m,-0.43831809056356064,13,0.15384615384615385
P_1781996270235_03r7yv6pn,0.18006300753226295,15,0.3333333333333333
P_1781996309568_mdx7w5xj9,-0.770598380348524,11,0.0
P_1781996311958_qrxl8ovdb,-0.45312322877435396,17,0.17647058823529413
P_1781996332194_89bhhi7hg,-0.9533827268803058,15,0.0
P_1781996351820_tzudo3qoo,0.5353985557591942,15,0.4666666666666667
P_1781996365551_7apk93kl6,-0.006599496188012255,11,0.2727272727272727
P_1781996367839_qhifysxe6,-0.978463270710921,15,0.0
P_1781996435889_ozpn6befk,-0.643282010070172,18,0.1111111111111111
P_1781996524647_3owobm2jk,-0.7626746346481507,14,0.07142857142857142
P_1781996530303_xm78qrr0s,-0.38819088633266396,13,0.15384615384615385
P_1781996554304_yaxr8y722,-0.9052680240221508,14,0.0
P_1781996570772_j0qj8ylv6,-0.8988038602174399,12,0.0
P_1781996652311_zxiuw7cyw,-0.7607810551417625,11,0.0
P_1781996805115_r42ii5rub,0.003609626341251393,13,0.3076923076923077
P_1781996813624_9lioscb7c,-0.7777650508255892,14,0.07142857142857142
P_1781996825027_qqk08ktay,-0.938512654039357,15,0.0
P_1781996827062_nogg66f9z,-0.13367659391844722,16,0.25
P_1781996927403_2qsrpn20a,0.12756364441789292,16,0.3125
P_1781996938483_jl7a4288l,-0.34509564361581757,16,0.1875
P_1781997042591_nldiyc22s,-0.9251544041885792,14,0.0
P_1781997079095_w2zpmkffi,0.02163448707768023,14,0.2857142857142857
P_1781997122384_mafj6ts8x,0.2291468809050456,9,0.3333333333333333
P_1781997132849_bokkzagol,0.04402465662973376,15,0.3333333333333333
P_1781997181032_k3cah7o1c,0.7556905574236517,17,0.5294117647058824
P_1781997293946_flnuxltie,0.5202328427012163,15,0.4666666666666667
P_1781997350847_8ix9jqyry,0.09943320915190884,15,0.3333333333333333
P_1781997394421_sk035bysv,0.45800754697284674,18,0.4444444444444444
P_1781997450348_7wn7yx9ej,-0.7737907778609011,12,0.0
P_1781997460224_5vd9ilaj2,0.24432876445190632,11,0.36363636363636365
P_1781997475173_gzts3670t,-0.5948084634609893,13,0.07692307692307693
P_1781997499540_1fdubto5u,0.7860130580581014,15,0.5333333333333333
P_1781997624872_ol8y75g9r,-0.46894021519952267,11,0.09090909090909091
P_1781997628552_27ly7te7p,-0.3080207532164726,11,0.18181818181818182
P_1781997640555_mumyoqe7i,-0.17183319928713348,13,0.23076923076923078
P_1781997780656_ehjkq70sa,-0.7077253940694098,10,0.0
P_1781997790755_89jmi7pkj,0.33511389929172797,13,0.38461538461538464
P_1781997926631_5o6a436no,0.34693011906359866,14,0.42857142857142855
P_1781997953413_2k8mydubp,-0.1337518980188933,16,0.25
P_1781998014907_ddo3x10qd,-0.6697367255267009,16,0.0625
P_1781998065193_42ct5oc5l,-0.9487226071469629,15,0.0
P_1781998104430_bqlmmtfow,-0.7743204165665433,16,0.0625
P_1781998175861_8vhok53f2,0.1516996462034122,12,0.3333333333333333
P_1781998176596_xmpt9a8kl,-0.0033981221203840395,14,0.2857142857142857
P_1781998220622_dk8hd0sud,-0.1863429077626082,17,0.23529411764705882
P_1781998406763_v80y0qddh,-0.5740323663152772,15,0.13333333333333333
P_1781998708574_zm6787zus,-0.22229410326407206,13,0.23076923076923078
P_1781998790133_7ts74mru9,0.863340436018689,14,0.5714285714285714
P_1781998808345_0cnbm8u58,-1.075197323555885,17,0.0
P_1781998823994_0c3ki597a,0.7725117545661074,14,0.5714285714285714
P_1781999018480_zoubu4kw0,0.0457192139132826,10,0.3
P_1781999022532_35rilazmw,0.46466985933739746,9,0.4444444444444444
P_1781999135073_dq7x4awbk,0.2828721284688974,16,0.375
P_1781999150924_wjvwwki8m,0.16990244783767183,15,0.3333333333333333
P_1781999211219_ile1sv3ij,0.27772518768564874,16,0.375
P_1781999283356_loq39791k,0.5454638445569088,13,0.46153846153846156
P_1781999342666_02cvb35u4,0.2847176745344726,15,0.4
P_1781999672920_b3200mlz6,2.102820969626049,16,0.9375
P_1781999727071_xwnh3zbrm,-0.051931697967753654,11,0.2727272727272727
P_1781999762601_rymp0kxye,0.08434828847715936,15,0.3333333333333333
P_1781999769654_1vw6800je,0.15165789056266005,14,0.35714285714285715
P_1781999946596_y9wshb4ut,-1.006883152202433,16,0.0
P_1781999986251_eney6yob1,-0.27034908873210983,12,0.16666666666666666
P_1782000036434_eeu6ewtdk,1.146092649007529,15,0.6666666666666666
P_1782000097356_dkfmcin6m,0.0760054633905643,10,0.3
P_1782000166680_waamjke1t,0.7557089655013525,13,0.5384615384615384
P_1782000303514_ufnbp61ml,-0.513660462609128,13,0.15384615384615385
P_1782000424856_nsxsnxsus,-0.5210387121588435,14,0.14285714285714285
P_1782000523967_mge10rrw4,-0.3450507451594361,16,0.1875
P_1782000568475_s5k19c9ek,1.2418525212967624,13,0.6923076923076923
P_1782000612771_4nruefwwc,-0.764250440633847,16,0.0625
P_1782000712711_zxam8wg3y,0.6884652572802199,14,0.5
P_1782000810126_zzxinwshb,1.1947305058413058,10,0.7
P_1782000936017_gyfer4123,-0.25975443330290204,14,0.21428571428571427
P_1782000942196_oxd018uyx,1.4673647528377876,13,0.7692307692307693
P_1782000963653_0hrhcgcn3,0.13156451414841036,14,0.35714285714285715
P_1782001008791_f63n3b774,-0.29019727350554136,14,0.21428571428571427
P_1782001239416_9xhi9npbs,0.24243592684772075,14,0.35714285714285715
P_1782001381040_umq42r8as,-0.9960696829943162,17,0.0
P_1782001443331_a93pe9tns,-0.6880213576993423,14,0.07142857142857142
P_1782001449256_jf6uu32wx,-0.5240821932567267,15,0.13333333333333333
P_1782001480283_cfj85mixf,-0.5642104098141357,11,0.09090909090909091
P_1782001845918_2pmx6cf5f,0.8027417421371443,12,0.5833333333333334
P_1782001861227_e3p1rjvzf,0.23419433873818368,13,0.38461538461538464
P_1782002018602_oba666zme,-0.09423279057581979,12,0.25
P_1782002069577_eyyyank7a,0.5353807040578592,13,0.46153846153846156
P_1782002110183_bto9dcgrz,0.5606306696295302,13,0.46153846153846156
P_1782002752209_f1ajnn63g,-0.969785383132182,14,0.0
P_1782002768982_juv7kgwrw,-0.8718415720880267,13,0.0
P_1782002790827_d1b6q06dl,-0.8866956544033525,13,0.0
P_1782002792288_dyhwrhq4l,0.4798344569275872,13,0.46153846153846156
P_1782002848278_5cg2or3ox,0.48818364190379815,18,0.4444444444444444
P_1782002894773_yynoignxk,-0.05703201535170599,11,0.2727272727272727
P_1782002946915_vrva51kuy,0.7809583742007347,11,0.5454545454545454
P_1782002954251_wsi2uvs67,0.279552084815262,11,0.36363636363636365
P_1782002958702_zv98nbf44,0.9507978283699625,15,0.6
P_1782002990303_73bqyxcwh,-0.8059337513979133,15,0.06666666666666667
P_1782003038740_09qlniojh,0.1718270009184582,12,0.3333333333333333
P_1782003070196_22bhfdvc9,0.8986802457568233,14,0.5714285714285714
P_1782003100157_dkhi2ofls,0.3503241939282003,15,0.4
P_1782003111266_d2mupk51c,1.5196574430247596,16,0.75
P_1782003160088_dhbi6gcqe,-0.375486001969079,12,0.16666666666666666
P_1782003200891_l456d8c24,-0.9522968286648598,16,0.0
P_1782003523101_j2qckh8yt,-0.26690924261396165,17,0.23529411764705882
P_1782003651445_a43go78gn,0.37216389787573734,12,0.4166666666666667
P_1782003694767_6y6lcpgfx,0.1949510914061081,15,0.3333333333333333
P_1782003834319_rk5slu1ad,0.023731306116002715,13,0.3076923076923077
P_1782004140775_1zv20qlaf,-0.9101857677639399,14,0.0
P_1782004258405_r0ocziztu,-0.1587065304122779,16,0.25
P_1782004261390_8vikb1xc3,1.6004368474176829,12,0.8333333333333334
P_1782004421725_0vzq9hhep,0.8936350573282066,16,0.5625
P_1782004456788_ln5b78upk,-0.6797973706875121,17,0.11764705882352941
P_1782004617080_9mh86ann0,0.3873346467014094,14,0.42857142857142855
P_1782004630437_jok4kplhd,0.08217869599518512,16,0.3125
P_1782004653931_kzdlli9rk,0.3368218769306767,10,0.4
P_1782004672022_uv8wh7xzq,-1.006986424461346,16,0.0
P_1782004710568_la0605ahc,-0.15694670468549365,13,0.23076923076923078
P_1782004798756_a5of42dyo,0.06906241119790679,13,0.3076923076923077
P_1782004980558_gspr53zf6,-0.6948567537730649,17,0.11764705882352941
P_1782005014786_jlpbz8pwt,0.10637591048000855,14,0.35714285714285715
P_1782005023637_aodzspnet,-0.4864335887043797,10,0.1
P_1782005197233_w5ucs8oyn,1.0483466960666816,16,0.625
P_1782005199188_lj960blbi,-0.8753616128428617,14,0.0
P_1782005358574_vpy7e1fdr,1.149289159366439,12,0.6666666666666666
P_1782005431969_0yxrv5mt7,-0.028622953953589936,14,0.2857142857142857
P_1782005480579_cfeavl0p4,-0.26164861743887313,17,0.23529411764705882
P_1782005821755_to4nnk3v6,0.9087907306681197,10,0.6
P_1782005860142_3uj5ca0hh,-0.23453373741824846,14,0.21428571428571427
P_1782005882885_st56vwjgw,-0.8075283077352674,17,0.058823529411764705
P_1782005941966_ug9ygb0q4,1.2014485653035,15,0.6666666666666666
P_1782005960118_qfm6lweul,-0.7327284661717838,14,0.07142857142857142
P_1782006061306_l0q23xaas,-0.9537468497316769,15,0.0
P_1782006171530_joksyrrkm,-0.21164387669967422,17,0.23529411764705882
P_1782007425084_s76kawsl4,0.3957153896185196,17,0.4117647058823529
P_1782007607025_ctteoteeu,0.44792833244320285,16,0.4375
P_1782007859656_gdet9amdw,0.2544225027713789,13,0.38461538461538464
P_1782008043107_3gjibhqhc,-0.35561526095003293,12,0.16666666666666666
P_1782008114287_53booj3b4,-0.770138935399936,13,0.07692307692307693
P_1782008187817_ep32ll4j4,0.12968104598309177,15,0.3333333333333333
P_1782009075106_553bexan9,0.24936839058632032,13,0.38461538461538464
P_1782009232934_69948k759,-0.19639204656825782,17,0.23529411764705882
P_1782009444941_fchhwqhxm,0.5555966381071968,19,0.47368421052631576
P_1782009735116_4ucnllqna,-0.9569594321095373,13,0.0
P_1782009948641_gqwpol9fl,0.5303561620414867,15,0.4666666666666667
P_1782010011242_f9v3jw2s4,0.3318023529226669,14,0.42857142857142855
P_1782010542863_35uuhwjks,0.7910615998042525,15,0.5333333333333333
P_1782010602227_k1uvuaq9k,-0.18198744396568367,13,0.23076923076923078
P_1782011014873_olgksvcdc,0.8431641113733783,14,0.5714285714285714
P_1782011123509_9zv8cbhbr,-0.2647027971434036,14,0.21428571428571427
P_1782011671412_l1fs9itun,0.9239335653841165,12,0.5833333333333334
P_1782011900229_8yuom27i5,1.1139789109280884,16,0.625
P_1782012401840_svym46p7n,0.9911610814169965,13,0.6153846153846154
P_1782012833531_o9upxflw4,-0.03078980410057397,17,0.29411764705882354
P_1782013589597_x3ox94dfm,-0.9018409311831256,13,0.0
P_1782013742740_njvdts2y1,0.3552992274720327,15,0.4
P_1782014921058_qt7o3ikzf,0.38227050119823874,12,0.4166666666666667
P_1782015983757_j61sa1lvx,0.5874659378031999,16,0.5
P_1782016049401_v7ejuezk4,1.226665082324729,13,0.6923076923076923
P_1782016475558_quwljfsct,0.8936210987919762,14,0.5714285714285714
P_1782016492420_rhj9brp5v,0.03682617234379404,14,0.2857142857142857
P_1782018232807_k125r3iot,1.12072752417305,15,0.6666666666666666
P_1782018508431_bxchwokqa,0.35703391041663696,10,0.4
P_1782019569397_8z207r0eo,-0.8569439757156895,13,0.0
P_1782019834955_zro4af6ls,-0.819179200869521,16,0.0625
P_1782020064449_4jhsv4uqx,1.6711323904059041,10,0.9
P_1782020418705_hbl4semma,-0.8206891924590659,11,0.0
P_1782020443489_vhvj03hxe,1.9018196234387759,12,0.9166666666666666
P_1782021877060_n0chk1115,-0.5871463908392881,16,0.125
P_1782023132214_0epdgnmar,0.2846953619308995,15,0.4
P_1782024251153_3cnkik63c,0.6127175885463437,16,0.5
P_1782025064345_dvo1598e3,-0.023803031016914056,12,0.25
P_1782025152517_62nlh6hcd,0.028776539562884618,13,0.3076923076923077
P_1782025443976_rl0bdwfsn,0.8279933839947127,14,0.5714285714285714
P_1782025539176_btw6uc559,0.7642079208371305,16,0.5
P_1782026185597_q2g2nfyp2,-0.561787998649195,16,0.125
P_1782026475424_u59wnkotc,-0.04092830861664731,15,0.26666666666666666
P_1782028070267_7dp2683t7,0.23411624725113567,11,0.36363636363636365
P_1782030305457_18l4mg58g,0.04712907634537977,16,0.3125
P_1782039907051_dpbpgpqwb,-0.1818539954215257,13,0.23076923076923078
P_1782040252448_bemjt91wn,0.24254443414290427,14,0.35714285714285715
P_1782043259564_f2cnlirdw,0.6127326573684424,16,0.5
P_1782044882100_esfo79uuo,0.6127348915145335,8,0.5
P_1782045644433_a8muor1rz,-0.2043814702447242,14,0.21428571428571427
P_1782045676636_w8g4csfqm,1.21833952669517,16,0.6875
P_1782045911295_oxnjs32zu,0.23245188433135233,16,0.375
P_1782052720794_4svdi26w9,-0.04370072585693352,14,0.2857142857142857
P_1782055083529_vjseuf093,-0.06405723449625089,12,0.25
P_1782059305456_13q1uvgva,-0.3075159408013779,15,0.2
P_1782062080861_rxhhmdspy,-0.15970385583683522,12,0.25
P_1782063013540_so2ctq4m2,0.249373979261722,15,0.4
P_1782070792731_dlzwzcokl,1.4120527106507237,13,0.7692307692307693
P_1782071502478_g8af2kq6x,-0.9805453634269755,18,0.0
P_1782073787873_9sib4p1jg,0.9457147045978271,15,0.6
P_1782074014430_gbns40px5,0.2746055236955551,13,0.38461538461538464
P_1782083399122_1qf56s0rp,-0.9450156741079149,14,0.0
P_1782087681783_ywjlsn8ho,0.8532288541425864,12,0.5833333333333334
P_1782088159241_6oy8446vk,0.4444762383708819,11,0.45454545454545453
P_1782093151607_3vcpm2cmn,0.5858555281455567,19,0.47368421052631576
P_1782094288316_5nszf4tzu,0.7708584987049313,19,0.5263157894736842
P_1782132890060_jdcoc3pbt,-0.19536973973844118,8,0.125
P_1782143869964_38nd5v43a,0.0016763137791869775,16,0.3125
P_1782144704140_qu022jd5m,-0.7828592594819545,14,0.07142857142857142
P_1782150214066_chjkykoun,0.21229774310653132,16,0.375
P_1782153118416_r5z96vjj7,0.7556994745164332,9,0.5555555555555556
P_1782158148061_awrfjyoca,0.5925200660250716,12,0.5
P_1782161285766_kif53bnqk,0.1044629576588521,15,0.3333333333333333
P_1782165282476_6j9v807yn,-0.5190564284881362,11,0.09090909090909091
P_1782174048669_nzx1zb1og,-0.9563952905414123,17,0.0
P_1782183442995_2dujem1p6,0.05409385930494631,15,0.3333333333333333
P_1782186743295_0ufa9hw65,-0.6147911616984613,9,0.0
P_1782200429789_xktkv2rm1,0.5874558948836591,12,0.5
