participant_id,rule_group,empirical_remove_rate,rater_effect
P_1781988206397_r47qmmgw2,unassigned,0.1,-0.7790502947666021
P_1781988186011_2bpgzspes,unassigned,0.4,0.1769657414349926
P_1781988246441_hmmeuaa2a,unassigned,0.05,-0.7150075729748738
P_1781988245307_lov7c04bf,unassigned,0.25,-0.1338907198818379
P_1781988220999_1kwkf00j8,unassigned,0.05,-0.8339457012499646
P_1781988212469_e2hzca3e1,unassigned,0.0,-0.903715192469942
P_1781988240483_g85adfvjr,high_cluster_1,0.35,0.1719333605630985
P_1781988240902_au9ko2la8,unassigned,0.15,-0.5950017063435821
P_1781988255163_he4kg0j8w,high_cluster_1,0.35,0.4192335232241967
P_1781988325842_mnczczy1k,unassigned,0.1,-0.7727620568013841
P_1781988253057_espnjwuom,unassigned,0.15,-0.4911614060989399
P_1781988246771_yhwgim22w,unassigned,0.0,-0.9080150312947776
P_1781988379249_lri41xkxb,unassigned,0.35,-0.2266208525717269
P_1781988210659_74wuipr92,unassigned,0.3,0.0568848188164908
P_1781988180304_vwbxx2ano,unassigned,0.25,0.0085462491770216
P_1781988235069_ub2lj8vpd,unassigned,0.25,0.104354843822664
P_1781988246801_owiddf2uk,unassigned,0.0,-0.9425439160858328
P_1781988389030_dpt0l5565,low_cluster_0,0.15,-0.4001739410261854
P_1781988273834_s71ubqez7,unassigned,0.5,1.3496783174685547
P_1781988154941_4dtx1cmlk,unassigned,0.45,0.22405650302025
P_1781988181059_dz3gsm5e0,unassigned,0.0,-0.8207874001189351
P_1781988249533_2h2rjqbwu,unassigned,0.35,-0.0236381899509497
P_1781988458422_kuiiwzsv3,high_cluster_1,0.25,-0.2426403010195295
P_1781988224917_ly260s5fm,unassigned,0.35,0.2828837958286279
P_1781988464969_pwsxchcc0,unassigned,0.5,0.6581511506492093
P_1781988242937_f6m19q4vc,unassigned,0.05,-0.835105661069831
P_1781988164796_o1d1rt7e6,low_cluster_0,0.05,-0.8667966556460608
P_1781988253085_qt73si2md,unassigned,0.0,-1.0032780901505984
P_1781988268588_j27nz4nie,low_cluster_0,0.1,-0.7608707408291339
P_1781988274537_och6nbub5,unassigned,0.0,-0.7506919761158796
P_1781988226480_tifxypqlp,unassigned,0.45,0.3654046096733352
P_1781988286378_h91p9fqaa,low_cluster_0,0.1,-0.6727529394895556
P_1781988272870_mhv9kxenz,unassigned,0.25,-0.3830755262980022
P_1781988309389_fpjt3r7yw,low_cluster_0,0.6,0.6076757393649844
P_1781988300083_vfw2qgu8s,unassigned,0.05,-0.702810350766845
P_1781988276345_he0choz05,unassigned,0.2,-0.0992541324849001
P_1781988428559_0bpgiey89,unassigned,0.15,-0.3253109003395513
P_1781988331925_qdi26rhhn,high_cluster_1,0.3,-0.0790659544040516
P_1781988233313_nrw2up5uu,unassigned,0.0,-0.9088066711721756
P_1781988501438_005g9h239,unassigned,0.2,-0.496121667565976
P_1781988263897_d231rte3t,unassigned,0.1,-0.6777440963836822
P_1781988419853_f9inddnam,unassigned,0.0,-0.9201415798312694
P_1781988261448_qcp1v952b,unassigned,0.4,0.4899321093764472
P_1781988469930_2a14wbx1j,unassigned,0.3,-0.1113161978503907
P_1781988258029_1xgskd2mv,unassigned,0.15,-0.737723304318958
P_1781988321032_4kkqntpjo,unassigned,0.1,-0.370482488853404
P_1781988217722_zzta332cp,low_cluster_0,0.2,-0.5138875111256224
P_1781988391301_j31w1p64i,unassigned,0.05,-0.6347568920064154
P_1781988181651_gkqn8vp7r,low_cluster_0,0.15,-0.3780217629902037
P_1781988602144_tanbtmxsw,unassigned,0.5,0.6278827491703018
P_1781988251492_cf1f0ovhk,unassigned,0.1,-0.3856315762122195
P_1781988275068_lde9rj6q8,high_cluster_1,0.4,0.4327949642884414
P_1781988284217_4s41evkqt,unassigned,0.45,0.6076534137040575
P_1781988379959_4d9om038m,unassigned,0.35,0.1416142708201836
P_1781988288998_birqczteo,unassigned,0.2,0.1466337498156242
P_1781988405121_vtgpsyg2u,unassigned,0.0,-0.8485634374207057
P_1781988215171_es1z5cn0p,unassigned,0.7,1.2890447670320682
P_1781988438678_5wzdbdnxx,low_cluster_0,0.15,-0.5939741290722659
P_1781988329828_3d9xz56og,high_cluster_1,0.2,-0.0840255964496525
P_1781988533114_xtgzvodok,unassigned,0.25,-0.1245497168247886
P_1781988384504_qfty0g05t,unassigned,0.1,-0.6119095804621161
P_1781988227951_mfgf27zjw,unassigned,0.2,-0.2344972802350209
P_1781988577701_o0wjokov1,unassigned,0.1,-0.710993126362034
P_1781988604693_rqawubwhi,unassigned,0.45,0.5757601391756467
P_1781988562555_43wvg8422,unassigned,0.0,-0.9041406435470868
P_1781988320001_vf713xtna,unassigned,0.25,0.0843160437664694
P_1781988433123_brcgpgruv,unassigned,0.1,-0.6218644858121268
P_1781988268738_vflio5jcg,unassigned,0.1,-0.7310650010783603
P_1781988242093_3v25w29ra,high_cluster_1,0.45,0.5000319727851988
P_1781988253627_c4n62lei7,unassigned,0.0,-1.044514866957898
P_1781988443015_ru2f7lmwh,unassigned,0.0,-0.8473264950132843
P_1781988311980_5xi8zfahe,unassigned,0.55,0.8835323873601837
P_1781988490041_y98an7rvy,unassigned,0.0,-0.5998851602287397
P_1781988387976_oh3cnj9mz,unassigned,0.55,0.7506699149871552
P_1781988391942_2riixawcz,unassigned,0.3,-0.0034053692857693
P_1781988471694_logoq41wb,unassigned,0.0,-0.8919029728097424
P_1781988271451_7aggow4a6,unassigned,0.05,-0.7893023537486598
P_1781988444481_3mia4thve,unassigned,0.2,-0.2442907387532784
P_1781988596910_ylxwm4glj,unassigned,0.4,0.5051045201839188
P_1781988616237_kxli6rhvx,unassigned,0.0,-0.898598566121556
P_1781988305881_rmf1wodo3,unassigned,0.35,0.0167303910925692
P_1781988249600_1i1hrz7wd,unassigned,0.65,1.3175210197909926
P_1781988301983_fjecy21eo,unassigned,0.5,0.7405728263129339
P_1781988352041_gzvq5objx,unassigned,0.0,-0.9315686385083684
P_1781988716479_tgml0olqg,unassigned,0.3,-0.0356057187943443
P_1781988428622_hsv17arev,unassigned,0.5,0.5000381156372853
P_1781988422249_xaeavm74o,unassigned,0.5,0.6329128680387321
P_1781988614436_02rc3xpi3,unassigned,0.1,-0.602046576298135
P_1781988442487_am19pqv21,unassigned,0.05,-0.6976776445027862
P_1781988414372_5yr19oyzr,unassigned,0.45,0.109480810199978
P_1781988496102_fx34lwusz,unassigned,0.3,-0.0205438636200144
P_1781988407805_cel0nsn4q,unassigned,0.5,0.4849064407903583
P_1781988461624_ulerp6lk8,unassigned,0.2,-0.0722194538687321
P_1781988354363_sq4wojdrn,unassigned,0.25,-0.3603661133504682
P_1781988324828_b39ze6er1,unassigned,0.15,-0.5990006459592504
P_1781988457170_n3tw39z7h,low_cluster_0,0.05,-0.7978943818153764
P_1781988374124_hnnojzk7o,unassigned,0.65,0.945902930213756
P_1781988422179_9zlg185wn,unassigned,0.1,-0.7507183364657942
P_1781988369966_rkh8ra01p,high_cluster_1,0.2,-0.2325015319638214
P_1781988443654_7jw23ia7u,unassigned,0.5,0.2796184105692403
P_1781988295386_sdd1uoq0o,unassigned,0.15,-0.3604524165440996
P_1781988466176_dv343qwvr,unassigned,0.2,-0.3379728359597945
P_1781988472440_xjc98c3qw,low_cluster_0,0.15,-0.5519188853487055
P_1781988470164_uweduajrb,unassigned,0.4,0.3080341312951192
P_1781988716749_x36fwfxz0,unassigned,0.35,-0.1345026087847481
P_1781988308565_nmrad1q5o,unassigned,0.25,-0.242236658970635
P_1781988647827_bjsmgny84,unassigned,0.4,0.335162396233621
P_1781988493969_5yxghglna,unassigned,0.2,-0.3452159558795289
P_1781988431014_owfrgqubo,unassigned,0.4,0.4226884031301958
P_1781988380481_82gt05u42,high_cluster_1,0.35,0.3047670101448357
P_1781988272132_52jvdg7uk,unassigned,0.25,-0.2474386165425117
P_1781988157590_07yjc9e60,unassigned,0.05,-0.7409778040000078
P_1781988382621_bqavgwd5i,unassigned,0.4,0.0439583197766092
P_1781988676801_es50f00uk,unassigned,0.05,-0.9151571502929612
P_1781988773453_c1oyb2wul,unassigned,0.1,-0.6927173163844039
P_1781988615018_5pz1fihk6,unassigned,0.05,-0.7527717122906407
P_1781988430052_rqdnfs3ks,unassigned,0.2,-0.0911316594099549
P_1781988548969_43w7ni69c,unassigned,0.25,0.0186799667460715
P_1781988440113_1cubrrl59,high_cluster_1,0.2,-0.2772973989783391
P_1781988563793_87b9i61eh,unassigned,0.25,-0.1518167899923194
P_1781988288054_15t9omflg,low_cluster_0,0.25,-0.1193709368001606
P_1781988550627_fblkh52vf,unassigned,0.5,0.3873190229784287
P_1781988691382_cqvk4zqxo,low_cluster_0,0.0,-0.8156908833204503
P_1781988339028_jaxjars6t,unassigned,0.0,-1.0070550658510058
P_1781988183450_a55wxzoo4,unassigned,0.3,-0.212362226923885
P_1781988685754_d63rxr59s,high_cluster_2,0.25,-0.3252806476078086
P_1781988261033_hsqyxobzf,unassigned,0.25,0.1971359897044683
P_1781988369332_uitgt3706,unassigned,0.35,0.1213694364145751
P_1781988533633_ti7qvwxmg,high_cluster_1,0.2,-0.3604626576092941
P_1781988280304_qw29r3hul,unassigned,0.15,-0.4080976209260116
P_1781988706239_4y90ahwk7,unassigned,0.15,-0.2120889208634107
P_1781988803496_ustwcs1nc,unassigned,0.0,-0.9637051914531136
P_1781988520570_z9g4o51b8,unassigned,0.1,-0.6596771610533488
P_1781988778762_mvbmiqjr6,unassigned,0.45,0.325079252033697
P_1781988751395_r96s1ec83,low_cluster_0,0.0,-0.8137861766815765
P_1781988521848_1qofjrr81,unassigned,0.45,0.5454978798079547
P_1781988474177_73m6ff2qi,low_cluster_0,0.3,0.536972144332112
P_1781988315879_v0g2k0p0u,unassigned,0.35,0.5101530597081545
P_1781988452456_jou9eqt8n,unassigned,0.65,1.379777539051453
P_1781988263777_uuinqqrc9,unassigned,0.2,-0.4735778619377179
P_1781988877561_gciygi3mn,unassigned,0.15,-0.7129548864113547
P_1781988864714_gmgk3b52n,low_cluster_0,0.05,-0.5217272109231882
P_1781988453736_hg3i2wjbd,unassigned,0.15,-0.4353519520015912
P_1781988279536_5if8t7id3,unassigned,0.3,0.4125422389866357
P_1781988620375_p0cbnkfeu,unassigned,0.4,0.1837557394292378
P_1781988738891_7h9upc12z,unassigned,0.5,0.8011257635132956
P_1781988684037_defszebtf,high_cluster_1,0.5,0.4242937893604879
P_1781988737572_3ftdr3l6p,unassigned,0.0,-0.8139169065819708
P_1781988419625_f0yzrcvqp,unassigned,0.35,-0.0722255811556854
P_1781988688323_0y382om4g,unassigned,0.4,0.4377643254304129
P_1781988693835_rwrc7688w,unassigned,0.5,0.7086332374929638
P_1781988785009_oemqi3v0g,high_cluster_1,0.35,0.1365355589918961
P_1781988319438_45nuy4nif,unassigned,0.3,-0.1213788243748331
P_1781988446343_zkrym71se,unassigned,0.5,0.9204842093526756
P_1781988232926_hfe0uyaa9,high_cluster_0,0.1,-0.3303825302988953
P_1781988467971_vc4utezcg,unassigned,0.2,-0.3274635041427067
P_1781988620308_b5pbdcrjn,unassigned,0.15,-0.2924972365862336
P_1781988237290_xr6m46mtb,high_cluster_1,0.3,0.2038267028350113
P_1781988477974_xip6ot17h,unassigned,0.0,-0.9920621265653944
P_1781988696494_q99wsysbp,unassigned,0.4,0.3317867291996859
P_1781988699013_pqvab7tbt,unassigned,0.15,-0.2727653175270753
P_1781988966426_y61mf9f6d,unassigned,0.8,1.869155527544497
P_1781988783513_89usvgflw,unassigned,0.2,-0.5389058339217895
P_1781988870534_n2d0d5hyi,high_cluster_1,0.4,0.1921208960128372
P_1781988746610_8klw7eqe9,unassigned,0.35,0.2576672453484928
P_1781988351702_6zh6v7e0a,unassigned,0.35,0.1718631908976654
P_1781988431168_rn97eusfm,high_cluster_1,0.45,0.4024869583369187
P_1781988400952_wi2rnpkcw,high_cluster_1,0.2,-0.4507942536151349
P_1781988516052_fg33frapa,unassigned,0.45,0.4479199473086644
P_1781988813145_8c5eblr94,unassigned,0.65,1.2014485653035007
P_1781988675584_qehc2nwbs,unassigned,0.45,0.685020991966071
P_1781988508945_hncd6snwu,unassigned,0.15,-0.7277252762950163
P_1781988789082_v0ftr1jlw,unassigned,0.05,-0.6899451261359825
P_1781988608895_kqy8e66l4,unassigned,0.4,0.580768529910192
P_1781988542721_wwus2au89,unassigned,0.3,-0.197019029076749
P_1781988733937_z2aupoc4a,unassigned,0.25,-0.3172591355855976
P_1781988607594_8gz3wu8xe,low_cluster_0,0.0,-0.9189085569326124
P_1781988690711_3d1mh8acw,high_cluster_1,0.5,0.3519362756798133
P_1781988699371_qlq4f1bky,unassigned,0.6,0.945748735660421
P_1781988708382_gco228o8n,unassigned,0.4,0.3351412488699163
P_1781988940233_o70k9pe6f,unassigned,0.3,-0.1738835953143673
P_1781988911002_pusrrzpfk,high_cluster_1,0.35,-0.2344839240310647
P_1781989027026_4d3i1mwe1,low_cluster_0,0.0,-0.8767587720221007
P_1781988516499_wba1jqt7m,unassigned,0.35,0.0036094971748407
P_1781988413917_n39bbwvlm,unassigned,0.0,-0.93002270272856
P_1781988602872_b0i5ddj7l,unassigned,0.3,-0.1713179865023122
P_1781988549258_dkx7fj5ns,unassigned,0.3,0.1011290019627342
P_1781988801239_p3hkh9d46,high_cluster_1,0.15,-0.3098950468812181
P_1781988824442_1ik3n7116,high_cluster_1,0.25,-0.1612506446908649
P_1781988695952_k4m5yjwbh,unassigned,0.25,-0.2922385380303499
P_1781988324526_5rhdb3e14,unassigned,0.7,1.3094221981525855
P_1781988712949_3oit0lr75,unassigned,0.35,0.1567704345728088
P_1781988786650_dne1du2yf,unassigned,0.0,-0.9115965595637968
P_1781988732923_wrmq0vt0t,unassigned,0.15,-0.4759567090116884
P_1781988675942_bndp8kg7t,unassigned,0.55,0.8885792565213109
P_1781988928666_z008ziu68,unassigned,0.25,-0.1789852143919763
P_1781988853201_8h8c0x2q3,unassigned,0.4,0.3352059093955584
P_1781988886005_ol9twazj4,unassigned,0.25,-0.1415439055365697
P_1781988755098_0s2glj0qr,unassigned,0.3,0.0470794952858421
P_1781989096005_v6cfl02kh,unassigned,0.1,-0.4889292359704221
P_1781988468654_dzp1dbxyp,unassigned,0.15,-0.3502344066078822
P_1781988802263_dcw3vezob,unassigned,0.45,0.582406790838353
P_1781988954777_rl9p6srbp,unassigned,0.3,-0.0437129741603888
P_1781988672124_b8q7u21n7,high_cluster_0,0.0,-0.8236742126455731
P_1781989142093_30gppg550,unassigned,0.4,0.6430490274846596
P_1781988537258_l6zuxyhs9,unassigned,0.0,-0.7956440840539348
P_1781989049985_c454ye3kh,unassigned,0.45,0.447964591475807
P_1781989027316_91rkba9j8,unassigned,0.3,0.0095482169188412
P_1781988882004_qv3aibfxi,unassigned,0.1,-0.2727013749925634
P_1781988922744_3xquqg8lz,unassigned,0.25,-0.5418994249991381
P_1781988638281_txk3j1mcz,unassigned,0.65,0.9810678994738912
P_1781988469061_zrzigf25d,unassigned,0.3,0.3149810382874784
P_1781988649150_njg4vov7a,unassigned,0.0,-0.871924797307314
P_1781988480744_jqcagq9nb,unassigned,0.4,0.1145661220033925
P_1781989128220_mmaux35dk,unassigned,1.0,2.246928294241308
P_1781988991522_73o835c64,high_cluster_1,0.4,0.960860900033106
P_1781988807643_c1cc9rkdk,unassigned,0.35,0.5824140486650865
P_1781988682644_6a3ptpqe1,low_cluster_0,0.0,-0.9018592291180416
P_1781989100749_5rrfsx01l,unassigned,0.0,-0.9451052725743608
P_1781988618579_88t1r1cgm,high_cluster_1,0.35,0.2947919156868739
P_1781989034901_5a3dvsw98,unassigned,0.25,-0.0065186762691592
P_1781988878113_pwgt0n201,unassigned,0.5,0.4495381733913219
P_1781988473937_x8igzwj67,unassigned,0.65,1.0433873303502572
P_1781988919118_ac7mlj0cv,unassigned,0.45,0.4277352616853165
P_1781989056416_pvt6xwbgi,unassigned,0.1,-0.5517685063307688
P_1781988830886_gdi5ftzb5,unassigned,0.25,-0.0590275709116467
P_1781989062997_v38ighiga,unassigned,0.15,-0.2302634479201959
P_1781988613712_fopd9kqur,unassigned,0.0,-0.9466430027228836
P_1781988172391_vxtwtkb8e,low_cluster_0,0.05,-0.5367482868776988
P_1781988833449_y3xc6036o,unassigned,0.45,0.3654352516957417
P_1781989129906_65neswwnw,unassigned,0.0,-1.0098262349608436
P_1781988707443_ole7f18tm,unassigned,0.0,-0.8917201730042085
P_1781988872866_0o5k80nau,high_cluster_0,0.35,0.2140252341943121
P_1781989072403_oazgev3w8,unassigned,0.3,-0.0486852555017116
P_1781989027279_aqjnvt6yl,unassigned,0.0,-0.9489827090498169
P_1781988676876_jnds4rocu,unassigned,0.0,-0.9712921688837582
P_1781989060660_9fp7qw26u,unassigned,0.45,0.2897171311876207
P_1781988532606_fbiir7klf,high_cluster_1,0.25,-0.2445670182575148
P_1781989105740_ye6rqmprr,high_cluster_1,0.35,0.3923625425228948
P_1781988859649_dx4dgrr8c,unassigned,0.0,-0.9633865794761304
P_1781989042469_4pf40jnte,unassigned,0.4,0.3199632474438643
P_1781988744524_ay21kmluw,high_cluster_1,0.2,-0.1166346701763693
P_1781989164058_p1ndi6auu,unassigned,0.35,0.0439884344983163
P_1781989187359_9pldtj9fg,unassigned,0.35,-0.1769123058495284
P_1781988895243_vo3naihbf,unassigned,0.25,-0.0033874718336431
P_1781988611877_55p4o6kjr,unassigned,0.2,-0.3173462350792866
P_1781988829033_pll26bb8s,high_cluster_0,0.15,-0.0619669148954521
P_1781988924540_1rlr6905i,high_cluster_1,0.4,0.2374702405930554
P_1781988650246_c4pxwu8us,low_cluster_1,0.0,-0.8206377991473383
P_1781989053312_k3wn2fmt3,unassigned,0.15,-0.4583583220926414
P_1781989040860_1l8ungttm,unassigned,0.25,-0.3353155884370955
P_1781989104029_epg7eims8,unassigned,0.35,0.0521391378639994
P_1781988304933_ljjiiei5q,unassigned,0.3,0.510102839919491
P_1781988993646_ll2fwjfy1,unassigned,0.4,0.3149961196737909
P_1781989015523_twquxmj2c,unassigned,0.15,-0.5468608833178011
P_1781988898022_qmeczd3yi,unassigned,0.95,2.183646174504469
P_1781988720728_7dmobt7if,unassigned,0.05,-0.5541238558055738
P_1781988550606_zubex0pl1,unassigned,0.45,0.3317923063022518
P_1781988951157_qiajqlb29,unassigned,0.0,-1.0132216202461373
P_1781988992726_xcrl3pcu1,high_cluster_1,0.45,0.5034244038788215
P_1781989099339_0d5598fqx,unassigned,0.5,0.7759075992963979
P_1781989144224_4axyg854c,unassigned,0.0,-0.6247783970534472
P_1781988914614_lavthf7jx,unassigned,0.2,-0.1565572773709461
P_1781988977468_rio7wzn4v,high_cluster_1,0.35,0.3331836827475234
P_1781988961961_x7r0vskxn,unassigned,0.45,0.4529562304866041
P_1781989230072_64nm9ok95,high_cluster_2,0.0,-1.0097399008597838
P_1781988858172_qyhxcon1s,unassigned,0.65,0.7002189593216044
P_1781989209959_02zeknuwj,unassigned,0.3,0.0065467282600593
P_1781988478805_guiax8s3f,unassigned,0.15,-0.4382510424738008
P_1781989069149_ft14xcdr1,unassigned,0.7,1.1712180196539248
P_1781988911419_mv1tx1bih,unassigned,0.05,-0.5998055433650492
P_1781988474563_k3i6hbzqy,unassigned,0.0,-0.7806852218528305
P_1781989208312_rrrdo1lxo,unassigned,0.55,1.036603547308255
P_1781988542468_qs3okfzrs,unassigned,0.6,0.8179508814487984
P_1781988922124_99bogniwr,unassigned,0.4,0.5874637125426853
P_1781989048561_2zxnih1ve,low_cluster_0,0.35,0.555559262125065
P_1781989044309_1elxe2szh,low_cluster_0,0.35,-0.0235438237130153
P_1781988826508_flywqurr1,unassigned,0.2,-0.2272561128133169
P_1781988567082_ihabpsnp8,unassigned,0.1,-0.4708982418303612
P_1781989141730_npmx1qcg3,unassigned,0.45,0.3671449322154997
P_1781989205283_e1ac0b35e,high_cluster_1,0.15,-0.6052072827572984
P_1781988969970_qz2j44vvx,high_cluster_0,0.0,-0.9549560468476188
P_1781989011717_5b74wi946,unassigned,0.15,-0.400320920504759
P_1781988725753_8iggoxefe,unassigned,0.1,-0.3554064638190899
P_1781988934147_jta8zo62n,unassigned,0.45,0.7759142977839795
P_1781989197437_h5sktkrst,unassigned,0.6,1.0281530935975869
P_1781988737841_g6e020zhl,unassigned,0.35,0.1447349576321256
P_1781988472259_bwy3g7isj,unassigned,0.9,1.8942722479419
P_1781989263734_hs0ys9h25,unassigned,0.5,0.643020001854409
P_1781989173842_zt2zzlh7y,unassigned,0.15,-0.2505110659120267
P_1781989523856_co7ratlta,high_cluster_1,0.15,-0.6098442253884028
P_1781988821299_3yisuev6x,unassigned,0.55,0.8734246951932592
P_1781989168166_klplbqsvd,unassigned,0.0,-0.983671758216748
P_1781989304982_rylt915kh,unassigned,0.1,-0.7110377052950362
P_1781989150607_zj4ainxwj,unassigned,0.05,-0.6045147440073014
P_1781988957207_8fys6g9mi,unassigned,0.3,-0.1415034574211762
P_1781989081770_8z3kgvf12,unassigned,0.3,0.0489701325468962
P_1781988932146_ouitnvji4,unassigned,0.35,-0.1043361119205018
P_1781989085554_4x1kig0zw,unassigned,0.45,0.2948415393989962
P_1781989447042_eg45k52j7,unassigned,0.5,0.8835435546337835
P_1781989417078_e9ondjm3l,low_cluster_0,0.0,-1.0081187528058306
P_1781989259599_svkf059gn,unassigned,0.2,-0.0741359372251733
P_1781989561646_rq4xdiufp,unassigned,0.45,0.4748009840035356
P_1781988669826_8plhnks9e,unassigned,0.35,-0.1163041587496086
P_1781989139628_cn6ibtl67,high_cluster_0,0.55,0.9760321879682596
P_1781989231662_6ihmjvr9m,unassigned,0.3,0.2576545932941936
P_1781989237407_nvybwjsla,unassigned,0.2,-0.7210751550069746
P_1781989314923_wifmioiz1,unassigned,0.05,-0.5817841651655301
P_1781988918495_fkkz7i57b,low_cluster_0,0.05,-0.8016688397671979
P_1781989132468_1vwx2b0lm,unassigned,0.4,0.9087951868732496
P_1781988895223_u25tbvb4f,unassigned,0.05,-0.7963740674164358
P_1781989169218_fca59itbi,unassigned,0.0,-0.9821591749675967
P_1781988265313_7kpbqs4pj,high_cluster_0,0.4,0.6076835577648805
P_1781989169552_r64ph0nlr,high_cluster_1,0.1,-0.7508626189258721
P_1781988901365_o99yoe2a5,low_cluster_0,0.35,0.1851503843250483
P_1781989126246_eyrgvd7bs,unassigned,0.55,0.7809522320895187
P_1781989260654_ud72teovm,unassigned,0.45,0.7304774102237368
P_1781989302428_dxonihu9c,high_cluster_1,0.0,-0.9167998753247196
P_1781989180971_q7y1dtdjj,unassigned,0.25,-0.0691711762574529
P_1781988469987_8twwgoomf,unassigned,0.4,0.2795799247888184
P_1781988718439_iva8ulmcr,unassigned,0.25,-0.0034020263292933
P_1781989067502_15d0ugb61,unassigned,0.8,1.723340441647153
P_1781989186846_cite2srb1,unassigned,0.5,0.6531360687975954
P_1781989140589_g052b90bs,low_cluster_0,0.0,-0.8818916718670265
P_1781989421219_duigsvx30,low_cluster_0,0.0,-0.9216493135537144
P_1781988634197_ug7k37lik,unassigned,0.2,0.2543405304384921
P_1781989312110_nsnnfues1,unassigned,0.45,0.284577207372845
P_1781989227328_v5no4e862,high_cluster_1,0.6,0.8481909047899923
P_1781988908520_f82yquvm2,unassigned,0.3,-0.1766873743882359
P_1781989155406_6fmzj6d0d,unassigned,0.2,-0.6478932336734787
P_1781989424229_f4dq4x9t6,unassigned,0.35,0.1416097924722362
P_1781989153473_b42p675eh,high_cluster_1,0.1,-0.795658319844733
P_1781988906209_odjvrpupo,unassigned,0.4,0.0117364944925565
P_1781989199060_63cuux0d4,unassigned,0.2,-0.4508673393972904
P_1781989447614_p0bihlz1l,unassigned,0.4,0.4899337787599943
P_1781989169555_jupbq5yth,high_cluster_1,0.25,-0.2090864280159542
P_1781989223861_b0gydbwcw,unassigned,0.55,0.5404426420410854
P_1781989333334_1y6kuwmt1,unassigned,0.0,-0.9266568259113742
P_1781989257724_0qskmqas4,unassigned,0.35,0.1617627805421546
P_1781989352494_8vsxywhem,unassigned,0.55,1.125740488455791
P_1781988796367_6o27xaq7o,unassigned,0.0,-0.9920945828439548
P_1781988844951_1k8lbroy8,unassigned,0.35,0.3721683651800145
P_1781989065854_uyyr4a08k,unassigned,0.25,-0.5469906015916969
P_1781989312821_syz5lstmp,unassigned,0.3,-0.2291817777522543
P_1781988994066_y06qg4pey,unassigned,0.1,-0.6629659416598596
P_1781989422142_k6wxyx0v7,unassigned,0.0,-1.035853446002982
P_1781988858059_md1xw6w1v,unassigned,0.8,1.570134145419371
P_1781989307873_5brauf0rk,high_cluster_0,0.1,-0.3981502968608856
P_1781988902882_5fma4323l,unassigned,0.0,-0.90418297734778
P_1781988797752_wedzm1vmz,unassigned,0.15,-0.2020236436565377
P_1781989032249_24hycw8dz,unassigned,0.6,0.8330402575913276
P_1781989446896_5zwal0ky3,unassigned,0.45,0.0035177297731631
P_1781989010690_5i070k3ng,low_cluster_0,0.75,1.4340579373461533
P_1781989450887_940thxvy7,low_cluster_0,0.3,-0.1437869731296815
P_1781989676021_w5l6vzjbw,unassigned,0.35,0.269487850177138
P_1781989719419_ci3zqp5bp,unassigned,0.4,0.1214691667302867
P_1781988968576_4bkk4xsc0,unassigned,0.4,0.4781838984996699
P_1781988733013_me4s931cx,unassigned,0.1,-0.4763426836793375
P_1781989453148_a0gddfpe4,unassigned,0.3,-0.1518926390937433
P_1781989470115_hixv90e8p,unassigned,0.5,1.1341496688353674
P_1781989198681_1d9k0guja,unassigned,0.0,-0.8952019288057448
P_1781989312822_xpweuo863,unassigned,0.3,-0.0839859813134178
P_1781989085945_ckjeb8shb,unassigned,0.4,0.4075327275739283
P_1781989144289_023cfz1gi,unassigned,0.5,0.1667856388103107
P_1781989305023_aww3ocjb4,high_cluster_2,0.05,-0.8106609058632263
P_1781989640519_he3ti7k87,unassigned,0.55,1.108943731422353
P_1781989206047_k2msvle6a,unassigned,0.3,0.2980705718310659
P_1781988942347_1ubf3llah,unassigned,0.15,-0.6548252140743945
P_1781989455675_6e6kk9v70,unassigned,0.15,-0.5388789250258686
P_1781989197963_jr8zm9w33,unassigned,0.3,0.4646771053241129
P_1781989697920_s3tusn12a,unassigned,0.05,-0.8236428570547792
P_1781989445834_p89z8b0ss,unassigned,0.45,0.2476264646011131
P_1781989206853_i51hhhdu6,unassigned,0.1,-0.7762104410722418
P_1781989395009_ucljwzmsb,high_cluster_1,0.4,0.1264641435926216
P_1781989591455_02la6w1k2,unassigned,0.3,-0.2496289257758112
P_1781989466277_0iapuslza,unassigned,0.3,0.2104688728020578
P_1781989307537_smr98rtj3,unassigned,0.35,0.2324618288473393
P_1781989059559_mibzlaoxl,high_cluster_2,0.15,-0.8307036425157716
P_1781989240354_ts4ubf572,unassigned,0.3,-0.1358706819448495
P_1781989449624_sqyi4xshb,high_cluster_1,0.3,-0.2496166195388761
P_1781989886820_i946o546c,unassigned,0.55,0.8516636470033321
P_1781989315842_cbajjjjw1,high_cluster_0,0.2,-0.2474280734486832
P_1781989350993_4gv96bf5q,unassigned,0.2,-0.3123318689830222
P_1781989184161_5dvu11tv4,unassigned,0.0,-0.9820684970181274
P_1781989439078_5k8q3s5yp,unassigned,0.45,0.8229487571188198
P_1781988919290_ntz4op4a9,low_cluster_0,0.15,-0.244682180386309
P_1781988545820_kt95pejf3,unassigned,0.1,-0.5772871734201578
P_1781989691627_w0v6dt7jo,unassigned,0.0,-0.9998702073105312
P_1781988670301_ebmnom2kn,unassigned,0.35,0.1599222368529388
P_1781989589508_ikdgcexv2,low_cluster_0,0.0,-0.9799170476419568
P_1781989330964_tsl9442xi,unassigned,0.25,0.0992931267594968
P_1781989495874_yvz9fxf4v,unassigned,0.55,0.8314934666723915
P_1781988936647_jnne3etqe,unassigned,0.45,0.6682705324382042
P_1781989282164_0s1b7z8vk,high_cluster_0,0.1,-0.6397297204868343
P_1781989749001_jtrz55v59,unassigned,0.3,0.489929313677633
P_1781989669530_6hxeec3fg,high_cluster_1,0.2,-0.4739905884793661
P_1781989325933_ypb1316lf,unassigned,0.45,0.9608675948198138
P_1781989608647_ssgwods0r,unassigned,0.3,0.2443092554448173
P_1781989267688_x49wy2o65,unassigned,0.5,0.5454794665538969
P_1781989610053_1dxh8z8rl,unassigned,0.85,1.6375875239545574
P_1781989070401_9tjw15vvt,unassigned,0.35,0.0608983061863999
P_1781988884247_4mr3k2hno,unassigned,0.4,0.0288310856493972
P_1781989377924_is0muqpsu,unassigned,0.45,0.5606312294618215
P_1781989312296_tppaaxijv,low_cluster_0,0.25,-0.3030263893385563
P_1781989551270_syklrcguc,unassigned,0.1,-0.873582618997624
P_1781989184812_7g8za4kv9,unassigned,0.1,-0.6047932758681426
P_1781989221923_foz4fpywj,unassigned,0.55,0.9760293962117924
P_1781989071916_k6m5vxz9p,high_cluster_1,0.15,-0.5569484084280835
P_1781989141628_jre2tgtx9,unassigned,0.25,-0.0944039268806267
P_1781989378073_4b6nn7ohx,unassigned,0.3,0.2072096037963705
P_1781989222156_c055r5j2v,high_cluster_1,0.0,-0.8287305649181321
P_1781989727124_sanv6nt21,unassigned,0.4,0.0893160826535011
P_1781989234215_0xl317xee,unassigned,0.0,-0.949953074949334
P_1781988803801_h33f5wnxj,unassigned,0.0,-1.0080852586456177
P_1781989559215_7ti9l2nsg,unassigned,0.4,0.2153116150001826
P_1781989322506_23lbac86g,unassigned,0.4,0.4276945493936946
P_1781989577858_37vf0od2h,high_cluster_1,0.1,-0.3956522211161971
P_1781989612086_j850d1j3m,unassigned,0.3,0.3267571526484713
P_1781989120184_t6cd2e8wc,unassigned,0.65,1.0988505886474078
P_1781989245453_spl5dczk9,unassigned,0.25,-0.3223762770729073
P_1781989514741_wr59094oi,unassigned,0.25,-0.1667654840558529
P_1781989639159_nb4h1dbfq,unassigned,0.05,-0.744352986612599
P_1781989712420_7a8sao40g,unassigned,0.45,0.7051900457272946
P_1781989503018_hfgpv095t,unassigned,0.15,-0.4733779342394025
P_1781989311448_2xzrerh3f,unassigned,0.2,-0.0841657848485617
P_1781989596193_zyci1xt89,unassigned,0.25,-0.2216438557502512
P_1781989590042_vfjlc3qge,unassigned,0.15,-0.2797300046896911
P_1781989176298_6hb2pos2m,unassigned,0.25,0.2509882714995391
P_1781989470303_bvt4b3mu7,unassigned,0.4,0.4848662572603587
P_1781989490239_bfsf4ukmd,unassigned,0.0,-0.9932022494137974
P_1781989492412_710ah64zh,high_cluster_1,0.35,-0.0235538716925715
P_1781988815229_r820cdafk,unassigned,0.0,-0.8603762892332593
P_1781989557421_rop867cve,unassigned,0.1,-0.3858436017900039
P_1781989407784_yq6wig3ak,unassigned,0.2,-0.1165632589311671
P_1781989692250_9byxxamrp,unassigned,0.35,-0.03879284106258
P_1781989776158_mzps43mvo,high_cluster_1,0.35,-0.035862896890182
P_1781989743924_zhj8o0w4b,unassigned,0.45,0.1868677552511449
P_1781989978986_rz6go91y6,unassigned,0.25,-0.3098699053968641
P_1781989626096_nkdpq0ciq,unassigned,0.35,0.0136224790785083
P_1781989462320_dhdghsiqw,high_cluster_0,0.25,0.1214217624169288
P_1781989609635_2l75tdn1k,unassigned,0.25,-0.3551921912865156
P_1781989745836_sta48ztdt,unassigned,0.35,0.011680123711464
P_1781989738298_11zoa4j2g,unassigned,0.05,-0.7408000589004174
P_1781989406401_llwm8clqe,unassigned,0.1,-0.6780616475552802
P_1781989521851_3qhzuvbra,unassigned,0.4,0.2796122536996552
P_1781989662147_fmdbua4mw,unassigned,0.45,0.9760360791751568
P_1781989904077_1gt66l86v,unassigned,0.15,-0.5088713363710712
P_1781988645394_69s0jet6t,high_cluster_0,0.15,-0.7277066636668196
P_1781989483041_7e3ids78n,unassigned,0.9,1.720544455729264
P_1781989341309_1yfsz7iry,unassigned,0.4,0.0236355952272784
P_1781989564681_23bgl2hrb,unassigned,0.05,-0.589684321304078
P_1781989350064_a5snanwrc,unassigned,0.25,-0.0789346411638124
P_1781989627080_et4fmrggi,low_cluster_0,0.55,0.7253992886907981
P_1781989436537_0clflu9sj,unassigned,0.7,1.3444137604037016
P_1781989235933_phre6lscg,unassigned,0.15,-0.5742728304584045
P_1781989746686_ul3en4ult,high_cluster_1,0.1,-0.3757453108151827
P_1781989503836_wwqppw9iq,high_cluster_1,0.4,0.1667828994681596
P_1781989992306_p4fcigepn,low_cluster_0,0.15,-0.4582336609271845
P_1781988979350_qmt4six66,unassigned,0.0,-0.8269499679791285
P_1781989890311_2j0e38ne4,unassigned,0.05,-0.9450382646219516
P_1781989244602_qa5dzxjpx,unassigned,0.35,0.03688908728934
P_1781989235587_t63q8e2qj,unassigned,0.55,0.9507576707287138
P_1781989556623_1d7xdyn1n,unassigned,0.35,0.2374052074894623
P_1781989553065_oj74a8qsc,unassigned,0.0,-0.7378114576028098
P_1781989535132_rl9axyacb,unassigned,0.0,-0.7326984446370696
P_1781989686872_0ykdav4ry,unassigned,0.15,-0.3148740888130867
P_1781989720761_r7etakzuh,high_cluster_1,0.35,0.2442969845469229
P_1781989669951_6vqwkapao,high_cluster_0,0.25,-0.4735501853602638
P_1781989865091_j768nv8pg,unassigned,0.05,-1.0131604859737835
P_1781989825945_tw4raep5y,unassigned,0.2,-0.5767442044988457
P_1781989427236_by2fpjkc0,unassigned,0.15,-0.4988863739660752
P_1781989749543_xhdld3gq6,unassigned,0.2,-0.1617661362641967
P_1781989171944_psl7la2gs,unassigned,0.5,1.1139850530393047
P_1781989134191_g7q5zijbl,unassigned,0.3,0.1415418175384493
P_1781989647713_6q52gjj9q,unassigned,0.4,0.7456007139952765
P_1781989389423_65js3cscm,unassigned,0.1,-0.4861238105761235
P_1781989712771_dxv00wj4v,unassigned,0.15,-0.3425377983396128
P_1781989501820_mjdzckunn,unassigned,0.4,0.1245880106277398
P_1781989805978_1dyunq4jd,unassigned,0.5,0.8481970508435548
P_1781989945736_mycu9fkkm,unassigned,0.15,-0.3505144752665305
P_1781988363135_mgb870raw,unassigned,0.15,-0.5137309200489545
P_1781989289742_jm6xohxub,unassigned,0.25,0.141593076908805
P_1781989694076_bahe7g36m,unassigned,0.55,0.6951013333103807
P_1781989847052_dy82unxg7,low_cluster_0,0.15,-0.2747454014361513
P_1781989761666_3jcs4jt7m,unassigned,0.4,-0.1062794738648986
P_1781989646844_sgnccmo8i,unassigned,0.5,0.4075394223606363
P_1781989557674_dnxw5900l,unassigned,0.4,0.3452795559635767
P_1781989996572_7h75cibx0,unassigned,0.45,0.1011692327229906
P_1781989812952_y7ct2zmw6,high_cluster_0,0.05,-0.9782361023600628
P_1781989592313_x0mq90kz5,unassigned,0.0,-0.8668575080756021
P_1781989769634_tyb3kt362,unassigned,0.15,-0.5312136719141952
P_1781989921013_gwt6ifyxe,unassigned,0.35,0.1448561697369529
P_1781989737135_zbq3etf09,unassigned,0.55,0.8229855592289614
P_1781990072141_5gpy8u6ta,unassigned,0.1,-0.6949101779006114
P_1781989284233_09dbh8at0,unassigned,0.45,0.4782525027026725
P_1781989927292_etihh73n6,unassigned,0.35,0.2474849030989837
P_1781989553340_2ajhe2v9o,unassigned,0.4,0.3468493160778842
P_1781989878424_7s66wtsw2,unassigned,0.05,-0.8219499750454139
P_1781988925854_4odas3ray,unassigned,0.35,0.3923859765031542
P_1781989868898_zrl9pxdqp,unassigned,0.05,-0.6097639259602242
P_1781989428812_yvvp6sbrb,high_cluster_0,0.45,0.888592654237345
P_1781990009614_un1op5sm2,unassigned,0.25,-0.1590514106857762
P_1781989742794_iaqttmpsy,unassigned,0.3,-0.0034442897843456
P_1781989537252_074dl65d2,unassigned,0.35,0.4848651440117038
P_1781990206407_nbmbh0alb,unassigned,0.95,1.9719438948236907
P_1781989950866_m9u1txcwq,unassigned,0.35,0.074210578840503
P_1781990269234_ax7tmnv3a,unassigned,0.45,0.6950996622043154
P_1781990115367_r5jj4xz9l,unassigned,0.35,0.4024897621839121
P_1781989920464_yg2v1yg5x,low_cluster_0,0.0,-0.745619891855792
P_1781989691206_vegzxpgc8,high_cluster_1,0.35,0.1264101766604206
P_1781989959032_ebkiw7trc,low_cluster_0,0.05,-0.6399593890927483
P_1781990413459_r7bhx0jcz,unassigned,0.6,1.196492457838445
P_1781990006862_8l4xt3nae,unassigned,0.3,-0.1113087790715775
P_1781990172581_qgekxds7c,unassigned,0.05,-0.8868675934735492
P_1781990309121_raqqetaqc,unassigned,0.15,-0.8357736135328776
P_1781989754149_9ymtda5l2,unassigned,0.05,-1.0579628324240562
P_1781989745614_kz4v3lae4,unassigned,0.15,-0.6001496364581528
P_1781989497359_bpr3vc0bq,unassigned,0.45,0.750654280903115
P_1781989984011_ptywa3iil,unassigned,0.35,0.2593885135863619
P_1781989628241_k13h1m2jp,unassigned,0.2,-0.1790048182377073
P_1781989766056_lnuhyu31r,unassigned,0.2,-0.2496213545275118
P_1781990096105_xh2wwm5b9,unassigned,0.2,-0.0791689981006402
P_1781989925487_5zveuy4zp,unassigned,0.65,0.7355008387465071
P_1781989779089_lwkqcbxgf,unassigned,0.2,-0.2644296088564796
P_1781990249458_19z0njf31,unassigned,0.4,0.7203585633696619
P_1781990106796_brj3aure1,unassigned,0.4,0.8734676539537124
P_1781990188255_uz2dl87v2,unassigned,0.35,0.0621723366966797
P_1781989562276_e1q00w1st,low_cluster_0,0.15,-0.3403707585934812
P_1781989912663_2c3516g04,high_cluster_1,0.25,-0.2346277735273449
P_1781989848456_noxlkrj6l,high_cluster_1,0.35,-0.0389021500508257
P_1781989396112_tv9vjp78q,unassigned,0.25,-0.259577059288271
P_1781989650827_0gbyi19k5,unassigned,0.3,-0.0556432038650199
P_1781990180664_az85a8ddc,unassigned,0.0,-0.8938967136554611
P_1781989878535_ht08rs4fl,unassigned,0.55,0.8380742940485452
P_1781989907167_f54ogwuwt,low_cluster_0,0.1,-0.4785190886972584
P_1781989662475_6mdowkfy3,unassigned,0.25,-0.3474835506201409
P_1781990023660_rymtd034s,unassigned,0.4,-0.0559506378571218
P_1781989392980_10ked3oq5,unassigned,0.35,0.237520973869632
P_1781989977821_0rsx0own5,unassigned,0.2,-0.7477308386696341
P_1781989356279_6w8pgc5r9,unassigned,0.25,0.1668965505720379
P_1781989925527_c2saza9qf,high_cluster_1,0.2,-0.6218489363901748
P_1781989808722_7rirw6dgg,unassigned,0.45,0.4579863545369524
P_1781989163610_5xxyvt9us,unassigned,0.3,0.4024624303518566
P_1781989935496_d7qaq39uj,unassigned,0.45,0.3216957732635258
P_1781989967424_bklx7hi5l,high_cluster_1,0.3,-0.0134929593817657
P_1781990101425_sprqw69nl,high_cluster_1,0.35,0.4495331504515504
P_1781990083924_zp696ut9t,unassigned,0.25,-0.1964264846497144
P_1781990080204_pbadaqhye,unassigned,0.75,1.2437845139634938
P_1781989981340_t7r4orf92,unassigned,0.3,0.0046933373114103
P_1781990028681_m0q20nwzz,unassigned,0.3,0.0571626594204908
P_1781989117702_hw6jb22i3,unassigned,0.35,-0.0437122748326176
P_1781990264595_c9l33dh3b,high_cluster_2,0.2,-0.2948394666206094
P_1781989919276_irascg3hn,low_cluster_0,0.4,0.0035137556079204
P_1781989516764_qyrpfo6rt,unassigned,0.35,-0.0186311370886618
P_1781989915131_i6q8wi4rk,low_cluster_0,0.35,0.3250184654897198
P_1781990207825_ksogagl8u,unassigned,0.3,-0.003378072178045
P_1781989843993_aairflx72,unassigned,0.05,-0.6547005080866658
P_1781989673415_un5qhvo3a,unassigned,0.3,-0.2567318940890299
P_1781989980080_muxrlsqd6,unassigned,0.05,-0.8137091800678465
P_1781989941715_fsyqlxuzu,unassigned,0.15,-0.5819716319621452
P_1781990153863_8wvmf83o5,high_cluster_1,0.15,-0.4785702623514923
P_1781989596448_06z52pey3,unassigned,0.45,0.2526576421291777
P_1781990418988_65l2urz7b,unassigned,0.6,0.8481953701193875
P_1781989522457_qik47qjy9,unassigned,0.55,0.6329061717702832
P_1781989505651_trk8vktic,unassigned,0.45,0.3974110864909624
P_1781989941252_75d8z0eh2,high_cluster_1,0.25,-0.1368590606522913
P_1781989926635_cz0yvmmvx,unassigned,0.35,-0.0104138750942786
P_1781990124824_ok0n50xj9,unassigned,0.0,-0.9437629798016453
P_1781989784221_6e9m8dbcf,unassigned,0.65,1.341311657151042
P_1781989947438_8by70sq6h,unassigned,0.1,-0.6272181274363137
P_1781990501129_hjvg9faoi,unassigned,0.25,-0.4101628217172131
P_1781989989313_rfgb0l04f,unassigned,0.25,-0.2194166341562704
P_1781990193448_zihnbe8xr,unassigned,0.35,0.5050989344490687
P_1781989071542_59d52t4jy,unassigned,0.3,0.3148739948538149
P_1781990267209_yvrz1je99,high_cluster_1,0.35,0.3772543023970971
P_1781990309251_ck3tm6m4i,unassigned,0.55,1.088747884448891
P_1781990013960_vdmzoo4kl,unassigned,0.35,0.1768961686316427
P_1781989905801_p96b4bw17,unassigned,0.15,-0.2625387737689039
P_1781990043484_b2hh2jisv,unassigned,0.4,0.2695547635808221
P_1781989871771_aggy9scxl,unassigned,0.05,-0.6571644565450329
P_1781990178004_lgabnt0ma,high_cluster_1,0.3,-0.2651200488287193
P_1781989865580_f93t3k5p8,unassigned,0.4,-0.0316811942110278
P_1781990288245_i5x405pth,high_cluster_1,0.45,0.4832759371426715
P_1781990126305_ccy2to7kf,unassigned,0.55,0.7960928385822141
P_1781990219257_etr5zoq7l,unassigned,0.3,0.0892120455844635
P_1781990117839_owo37cxah,low_cluster_0,0.15,-0.4433108810973402
P_1781989578438_t0hr1x2p6,unassigned,0.45,0.6177733826895787
P_1781990178221_sxx0fde5z,unassigned,0.3,-0.0065611166868385
P_1781990392758_q3wo41fhb,unassigned,0.25,-0.023646228581149
P_1781990437998_yqzhxnltx,unassigned,0.2,-0.7127929365235538
P_1781989594007_52nla9jgh,unassigned,0.2,-0.2576137608909912
P_1781989611673_7s7434f34,unassigned,0.3,0.2171124287974405
P_1781990270937_4m1l1afja,unassigned,0.25,0.0740682027544554
P_1781990201419_gylndqvuv,high_cluster_1,0.45,0.7809366172493306
P_1781989842652_wcvzm1w3g,unassigned,0.15,-0.3328015645894042
P_1781989874736_hjrdardpn,unassigned,0.3,-0.0810293753849791
P_1781990237778_fqekgbnrj,unassigned,0.35,0.3822448177947061
P_1781990079152_w0tiak4ga,unassigned,0.1,-0.5360174793457372
P_1781990635284_quff7d9qv,unassigned,0.1,-0.4410196512621559
P_1781990035908_j4ddlbeq6,unassigned,0.25,-0.4759012459093134
P_1781990710663_1hc1ygyjg,unassigned,0.15,-0.2971440770669259
P_1781990365971_9fqt70ltu,unassigned,0.7,1.5298178262702362
P_1781990821923_kofwlwtbw,unassigned,0.4,0.6177733836774839
P_1781990295533_fxmfyv4p0,unassigned,0.5,0.7926881621997904
P_1781990179380_cil20ohvz,unassigned,0.5,1.0736484233805617
P_1781990684331_8jiit7kc7,unassigned,0.65,0.8734576201584374
P_1781990629228_4f9nd0cjn,unassigned,0.45,0.2527033606023431
P_1781990422249_uh18m0ys9,unassigned,0.45,0.2375081576390414
P_1781990387093_qo67h3xb0,unassigned,0.45,0.4579529781079502
P_1781990210243_4gx3m4pff,low_cluster_0,0.05,-0.9102925426230078
P_1781990450738_g736h31cz,unassigned,0.15,-0.6572760907570793
P_1781990653584_yh7o0dmby,high_cluster_1,0.3,-0.0486763391386888
P_1781990353467_a4hmebrif,unassigned,0.35,-0.1044415335434607
P_1781989765556_ikbyg8qip,unassigned,0.3,-0.1287561369099674
P_1781990038963_7dkgrccac,unassigned,0.1,-0.4232146259659185
P_1781990243711_8in0aspgd,unassigned,0.45,0.5404141866020996
P_1781990409471_rmoo0lo6r,unassigned,0.45,0.2846725087367993
P_1781990526577_k0kdnielo,unassigned,0.25,-0.0456658232885188
P_1781990128576_63ko4vhec,unassigned,0.25,-0.187113382019544
P_1781989976287_ulf0q2030,unassigned,0.2,-0.2372615134220215
P_1781990367374_s321vhvsz,unassigned,0.25,-0.1889320099130462
P_1781990526467_bbfbnjasp,unassigned,0.1,-0.7195548962703707
P_1781990422198_3byo1r01d,unassigned,0.3,0.2089331837112935
P_1781990054920_mye8qaaix,high_cluster_2,0.35,0.5050900040373114
P_1781989993708_dd22p9dk3,unassigned,0.15,-0.6219711133314879
P_1781990718703_ex83gn3is,unassigned,0.45,0.287786385065325
P_1781990535563_wet2vfay7,unassigned,0.4,0.2190637337555355
P_1781990860386_nlovwsl6s,unassigned,0.05,-0.519022147468322
P_1781990197422_y6q51kmje,unassigned,0.0,-0.987045178090383
P_1781990861317_fp7c08k3q,unassigned,0.45,0.2392813495204201
P_1781990651214_dirr7g8sh,unassigned,0.6,0.690047769362545
P_1781990762906_4tp6kst2x,unassigned,0.6,1.16115216043111
P_1781990785367_r7tczlf7m,unassigned,0.95,1.811442045694488
P_1781990571080_g0ugon75w,unassigned,0.3,0.0942878322003775
P_1781990612239_d4ot414n5,unassigned,0.3,0.1112332852221286
P_1781990486918_j3ho89tw8,unassigned,0.85,2.002046521859353
P_1781990706755_r465ke6ou,low_cluster_0,0.05,-0.7059431473366368
P_1781990544134_w6syp8lde,unassigned,0.1,-0.53620453755032
P_1781990798382_ltmmycrlb,unassigned,0.15,-0.5443034114288331
P_1781990251578_v49rgsnoa,unassigned,0.05,-0.7210699200418439
P_1781990798285_f0cr8mj8b,unassigned,0.1,-0.5060270595531383
P_1781990634195_vp8udnzbp,unassigned,0.3,0.3149927530539549
P_1781990633346_fgb8yy4id,unassigned,0.0,-0.9634170946717748
P_1781990578520_e7cfo2ga7,unassigned,0.05,-0.8740996721762176
P_1781990554857_wjm3yrjc2,unassigned,0.0,-0.8287148209213276
P_1781990488678_azrfg5v5d,unassigned,0.4,0.4259548435696502
P_1781990520028_cfpmw5mnh,unassigned,0.65,1.0887345273903943
P_1781990473826_5huyihp2w,low_cluster_0,0.0,-0.9716767406482232
P_1781990780591_fpl77lmnk,unassigned,0.15,-0.6248176886417337
P_1781990144971_10egdcoxu,unassigned,0.75,1.4926571135176188
P_1781989786954_z0n8z2t2p,unassigned,0.4,0.1315940554718149
P_1781990338220_0elpbh5b9,unassigned,0.4,0.3199705576682408
P_1781990674480_122h7y71d,high_cluster_1,0.05,-0.5818313587520697
P_1781990894074_ka2s3cvso,unassigned,0.85,1.4170156078958822
P_1781990684014_c35ee2zk3,low_cluster_0,0.1,-0.4008162516177339
P_1781990761153_ufw2938au,unassigned,0.0,-0.9899158285391751
P_1781990577156_785s5vent,unassigned,0.55,1.028206085904427
P_1781990393496_eqjfhbr98,unassigned,0.5,0.6278771656573676
P_1781990192522_90nmxjroa,unassigned,0.45,0.6127421249314745
P_1781990302769_jovfk7w1r,unassigned,0.55,0.8633343072285358
P_1781990984684_lnmijuy06,unassigned,0.55,0.7203820030201146
P_1781990876336_run0a0lzx,unassigned,0.25,-0.1613548534545903
P_1781991144210_0q2b6wfgp,unassigned,0.35,0.1870299118076967
P_1781989908622_e3ytxwu3c,low_cluster_0,0.0,-0.5472506539074734
P_1781991270132_039zue69m,unassigned,0.65,0.9103793740039872
P_1781990677701_rth3zpiw6,unassigned,0.8,1.8586877352076236
P_1781990774318_s8g7avb5p,unassigned,0.45,0.1584734079865928
P_1781991037737_vqg572mer,high_cluster_1,0.15,-0.4758981434957424
P_1781990844218_n2527vzk6,unassigned,0.0,-0.8236412479850975
P_1781990718594_8oymxzsqh,low_cluster_0,0.2,-0.1870037356310889
P_1781990550130_g7vcubsvk,unassigned,0.0,-1.026824911596912
P_1781990728073_e32wfsrpy,low_cluster_0,0.25,0.084210778651266
P_1781990647993_19c6243py,unassigned,0.25,-0.368005370701811
P_1781990908883_q49ffdlg2,unassigned,0.05,-0.6720399811744905
P_1781989750197_5i7vyoayc,unassigned,0.0,-0.9464724288265796
P_1781990872783_79xwdd3yz,unassigned,0.05,-0.8190381311161311
P_1781990928026_7g73hj2gl,low_cluster_1,0.55,0.8936333817803969
P_1781990736192_6kxl67nez,unassigned,0.45,-0.2575691887468713
P_1781991065353_iq69qc4du,unassigned,0.25,-0.5791689574363331
P_1781991260364_sq53whqlm,unassigned,0.7,1.720233611968887
P_1781991064014_mr8t88pvg,unassigned,0.2,-0.1769121101456685
P_1781990238366_6htcgrzqt,unassigned,0.25,-0.1164140923725407
P_1781990276298_nc8voadbc,unassigned,0.0,-0.9820483503248324
P_1781991063971_fapslel3w,unassigned,0.25,0.0742451315772861
P_1781990699957_nwi58ay1b,unassigned,0.55,1.0987769422767597
P_1781991103592_xid0k1uhs,unassigned,0.0,-0.89206491489473
P_1781991050195_tk480862t,unassigned,0.45,-0.011471440694636
P_1781991417377_wowuz41c3,high_cluster_2,0.05,-0.7958007127018681
P_1781990531128_wzloms9e3,unassigned,0.55,1.25699927384302
P_1781991291110_76zrkm724,unassigned,0.2,0.2863169154458155
P_1781991024251_wo5f1dqaz,low_cluster_0,0.0,-0.9278328827209606
P_1781990870220_3fwv1sr10,low_cluster_0,0.4,0.3350760429942349
P_1781991267654_slnob3guy,unassigned,0.2,-0.6195745592362006
P_1781991007229_ihabafnf4,unassigned,0.3,0.2291669815469311
P_1781991053063_f7gtfr6vc,unassigned,0.45,0.4343351225252121
P_1781991214113_ikb72kn96,unassigned,0.3,0.0993377058711273
P_1781991188016_01bkpej5b,low_cluster_0,0.25,-0.2071026869364066
P_1781991419322_ftkq926g5,unassigned,0.45,0.5909520629325536
P_1781991546066_lv3162fsf,unassigned,0.45,0.267763378988758
P_1781990571746_z6h5s8ktv,unassigned,0.15,-0.3929910317445306
P_1781991222122_jw1vxs69y,unassigned,0.25,-0.4360726141386019
P_1781991072675_fcd57klr0,high_cluster_1,0.45,0.6647866355321528
P_1781991178040_fdyqb0u1u,low_cluster_0,0.0,-0.9101253103562686
P_1781990942642_p9gaui6ym,unassigned,0.6,1.262150913170705
P_1781991403494_5vt9nmblm,high_cluster_1,0.55,0.7658093993484032
P_1781991223876_5xadw7iz4,unassigned,0.2,-0.3681627825637846
P_1781991166590_by3ke9gre,unassigned,0.1,-0.6048622800281914
P_1781991260063_9fajbws6j,unassigned,0.35,0.2947963506892486
P_1781991068066_il91k6a4q,unassigned,0.35,0.0893968878382258
P_1781990527946_ve41u1cbi,unassigned,0.6,0.7506699090643658
P_1781991365772_5n7qg1oyx,unassigned,0.25,0.0741527186046188
P_1781991407198_drt1382ct,unassigned,0.35,0.4327598466089015
P_1781990908220_mo3mvjpth,unassigned,0.05,-0.9238722957241456
P_1781991577414_d9h9svmzb,unassigned,0.0,-0.9204706827068896
P_1781991357874_lj3wssnp0,unassigned,0.85,1.5873247202888274
P_1781991336746_oss90vojz,low_cluster_0,0.0,-1.0047401048598283
P_1781991538553_4w4l964wm,unassigned,0.0,-0.9586468597776616
P_1781991426732_jb2lyueae,high_cluster_1,0.0,-0.9601019873575266
P_1781991148506_urkn1g28b,unassigned,0.35,0.1699867298227477
P_1781991211462_r8ov57vfp,unassigned,0.2,-0.5819427800443334
P_1781990615937_ppr2ilelz,unassigned,0.85,1.5430372094258722
P_1781991585035_xnkyhck41,unassigned,0.75,1.2015544445496755
P_1781991358044_ffqul7zmi,unassigned,0.7,1.1509503148704348
P_1781991774047_f4n1r0vs7,unassigned,0.4,0.7203423736501262
P_1781991943645_l4z7dwlxo,unassigned,0.0,-0.7707069880790655
P_1781990798159_oem8hourl,unassigned,0.25,-0.1415562722447554
P_1781991421313_kuj7xm7ji,unassigned,0.0,-0.803806296321499
P_1781991404631_jc5jssdbj,unassigned,0.4,0.4933050117454418
P_1781991662753_0bu3wo39w,unassigned,0.45,0.043892056512904
P_1781991414375_nqmn2seyl,unassigned,0.45,0.2072063383882015
P_1781991163550_avwrq45o4,unassigned,0.6,0.7960995355908376
P_1781991111368_pp2vq9ck1,unassigned,0.45,0.3603973314188134
P_1781991892720_evzxp256j,unassigned,0.1,-0.5488795695426941
P_1781991633068_vpt4tjufj,unassigned,0.4,0.4074853357693075
P_1781991657612_37wnpcvea,unassigned,0.0,-0.9935011620863744
P_1781991308580_66pay1iof,unassigned,0.15,-0.1417083674790568
P_1781990975260_b7qmmmfi0,unassigned,0.2,-0.423142581892527
P_1781991484283_8nr01au65,unassigned,0.45,0.4882994171611994
P_1781991851466_jswn76eoj,unassigned,0.0,-0.8853602800532491
P_1781991738219_bjpe48gx2,unassigned,0.55,0.9710371737497764
P_1781991354295_wucim6wck,unassigned,0.4,0.3805357118656099
P_1781991836142_kdf9sr9ag,unassigned,0.0,-0.8186292347244123
P_1781991632240_t2w93yp0c,unassigned,0.45,0.7405633353280145
P_1781991723189_lg6nwg0gs,unassigned,0.35,0.0520304265689337
P_1781991499708_7yhnbneyp,unassigned,0.25,-0.0739841600252513
P_1781991805351_ljwcdt0y3,unassigned,0.15,-0.3827697051076271
P_1781991833996_jn3l9098x,unassigned,0.15,-0.5420710712671689
P_1781991633910_71epl28si,unassigned,0.35,0.4277146418964365
P_1781991326031_dlummsiij,unassigned,0.3,-0.0487052874121904
P_1781991587659_5ibdwjpuu,unassigned,0.1,-0.154935127020415
P_1781991922010_41bds4d93,unassigned,0.25,0.013661451074175
P_1781991876620_93ffpim34,unassigned,0.25,-0.0771632444007088
P_1781991959719_knlykffyc,unassigned,0.2,-0.3223592720517781
P_1781991782085_75kuqkpnm,unassigned,0.0,-0.9833530741498596
P_1781992104665_eano8evvq,unassigned,0.05,-0.5470000763108535
P_1781991250381_wyt97x8id,high_cluster_1,0.0,-0.891988443109539
P_1781991880959_ngwjlofde,unassigned,0.25,-0.1820062087227256
P_1781991936331_ufk36lblh,unassigned,0.2,-0.2822788229193763
P_1781992048665_kkaby145l,unassigned,0.45,0.2375555241153116
P_1781991980667_xhocyyqre,unassigned,0.45,0.4277531313944058
P_1781991995313_z7a1u5r9g,unassigned,0.45,0.5555921774665795
P_1781991667887_1bk4ibkz7,unassigned,0.65,1.0887049638686943
P_1781991845116_ir6403g69,unassigned,0.05,-0.6961072559251705
P_1781992036658_h13n1912b,unassigned,0.45,0.0994047810771575
P_1781991974321_r3oezwyca,unassigned,0.25,0.0186934367058917
P_1781991611282_vc4lf7x10,unassigned,0.6,0.9456990793993622
P_1781991633784_kki1n6uq1,unassigned,0.3,-0.0538918049224812
P_1781992179868_qcsbbxrh2,unassigned,0.4,-0.1294591386364699
P_1781992024337_m8ow0sun5,unassigned,0.35,0.1196887063066908
P_1781991847586_680ij2xma,unassigned,0.05,-0.9300675806866516
P_1781992192576_sg62aazuf,unassigned,0.6,0.8835819982916019
P_1781992314947_rxfa0upot,unassigned,0.5,0.7860046877235841
P_1781991437412_1qvv6kiy9,unassigned,0.35,0.4226265232722903
P_1781992028898_pybf42u98,unassigned,0.3,0.2241251131404802
P_1781991641572_yrlvo40ay,low_cluster_0,0.35,0.3671321101175966
P_1781992111939_49rjbne55,high_cluster_1,0.15,-0.1598815786287174
P_1781991647845_9hinr66tv,unassigned,0.2,-0.1213626549513967
P_1781992014266_mi5qplkpy,unassigned,0.45,0.5101301754489453
P_1781991720668_dc48y2g7p,unassigned,0.25,-0.0084271762233514
P_1781992516795_dcaog4n2l,unassigned,0.3,-0.0378787509629223
P_1781992605050_wtfpna5j6,unassigned,0.4,0.417619205106665
P_1781991443554_s1lj5ugdq,unassigned,0.3,-0.2216402555397081
P_1781992156073_cn94ifqub,unassigned,0.3,0.1768871947554858
P_1781992166039_4ea9107f6,unassigned,0.0,-0.8457999834724245
P_1781992258654_7jlzgpfm7,high_cluster_1,0.25,0.0791323731445802
P_1781992416920_prcpdeu5d,unassigned,0.15,-0.6748487170636285
P_1781992229885_9oqxmg3dj,unassigned,0.65,1.2064519523511263
P_1781992220018_8qhuf2l43,unassigned,0.5,0.8532255037878378
P_1781992431242_p9buglrdw,high_cluster_1,0.4,0.8784989159178727
P_1781992222835_itku22vcw,unassigned,0.0,-0.9300330391371624
P_1781992100540_whsjk7z9q,low_cluster_0,0.0,-0.690100302662977
P_1781992465015_dvknzgr1s,unassigned,0.6,0.5353500329597861
P_1781991958813_wt7oxxpne,unassigned,0.3,-0.0307999964805965
P_1781992028048_3n5evvqvp,high_cluster_2,0.15,-0.5941223655626217
P_1781991176946_bz7b66g57,unassigned,0.8,1.299129580857012
P_1781992449604_898dbqwcy,unassigned,0.15,-0.7990125469502632
P_1781992707711_a29787gmv,high_cluster_1,0.0,-1.0629673691716328
P_1781992714581_o0b83sd4m,unassigned,0.25,0.4073900176387816
P_1781992781732_wf4acz71p,unassigned,0.55,0.6632392921791981
P_1781992700304_65m976rcm,unassigned,0.05,-0.999724875707822
P_1781992511105_1k2mj3o9f,unassigned,0.0,-0.8421252646148351
P_1781992516644_9hc2h2mpg,unassigned,0.6,0.8380782037424455
P_1781992699471_vf7xy8irq,unassigned,0.15,-0.5487127441471616
P_1781992707497_6wofdp1s9,unassigned,0.15,-0.2171547150378702
P_1781992597069_ky7amkf9c,unassigned,0.1,-0.5951983541433906
P_1781992247058_7whwo3gzx,unassigned,0.85,1.5246981445787486
P_1781992612426_c3umhstsp,unassigned,0.1,-0.7246728726986739
P_1781992590383_9c0e0emnk,unassigned,0.4,0.3822838678491638
P_1781992651092_0a6046gkm,unassigned,0.45,0.7052274379967498
P_1781992684843_qghmew8f4,high_cluster_1,0.1,-0.0973925254111924
P_1781993131801_89zcf6xdy,unassigned,0.4,0.6748920960226322
P_1781992680918_cuh0p26d7,unassigned,0.15,-0.5919560195821664
P_1781992662870_viextkoqs,unassigned,0.2,-0.1339163719084077
P_1781991541139_vf4okzwiz,unassigned,0.1,-0.6369720087313911
P_1781993048632_0z2jf9wzm,high_cluster_1,0.35,0.3150044863074348
P_1781991153175_jve2rv2mr,unassigned,0.05,-0.7807663072998522
P_1781993241072_bsui2pnd4,unassigned,0.4,0.4276911990389458
P_1781993017313_re6vw2uoy,unassigned,0.35,0.3418542440043475
P_1781992265798_1ebu4wt9e,unassigned,0.25,0.2121768187404198
P_1781992861601_nhgo6e0xu,unassigned,0.0,-0.9168031240923812
P_1781992823568_ra9vgy7t2,unassigned,0.5,0.965930619425548
P_1781993123138_2zcijm1jo,low_cluster_0,0.0,-0.9750160884046154
P_1781992439198_pb6aqkzep,unassigned,0.05,-0.967428585480499
P_1781992567362_x1gmqn0xb,unassigned,0.4,0.2392662688583029
P_1781991363152_kfyrv835r,unassigned,0.55,1.0736652267286702
P_1781993203854_wd6kmx4zl,unassigned,0.15,-0.5439482179899787
P_1781992845933_oqn9bvkoz,high_cluster_1,0.45,0.2796122677338276
P_1781992700751_hwzhz9nhw,high_cluster_1,0.35,0.2846440939553508
P_1781992642189_vdh1qnp8k,low_cluster_0,0.3,-0.1589608363118867
P_1781993457429_v7nkk0593,unassigned,0.55,0.6480774759871989
P_1781993363258_u3jod55ky,low_cluster_1,0.0,-0.9748569208998712
P_1781993123518_1v2y3pzli,unassigned,0.15,-0.2646960473278775
P_1781993076130_mcaww5rbr,unassigned,0.25,-0.2171203572124713
P_1781993089593_5362hw51p,unassigned,0.65,1.2940342467293298
P_1781992847202_wl6v28vg4,unassigned,0.45,0.5404465450713266
P_1781993286655_klup6dio4,unassigned,0.25,-0.1286746593490776
P_1781993090365_se8b8tv49,unassigned,0.3,-0.249556646589951
P_1781992469242_eld6asulw,unassigned,0.55,1.100501715285452
P_1781993222430_rixudidcl,unassigned,0.5,0.7456286007351555
P_1781992943397_f23qq2g2i,high_cluster_1,0.5,0.863330404198295
P_1781993440279_yx012x6et,unassigned,0.3,-0.1919998162253787
P_1781992764953_rng99iwtq,unassigned,0.35,-0.2322246578422814
P_1781993258256_ezu13uwuq,unassigned,0.45,0.5252891991436073
P_1781993423530_vtha9dypc,low_cluster_0,0.2,-0.259392381647011
P_1781993369699_phnrf1x6u,unassigned,0.45,0.4630500028172974
P_1781992271723_5jc1b5wjz,unassigned,0.25,-0.0891837987760977
P_1781992925354_169ypleqt,unassigned,0.4,0.1225323598386086
P_1781993310341_y8pf3g71k,unassigned,0.55,0.8936311486222115
P_1781993208926_kby1uf9fv,unassigned,0.45,0.6329178969012936
P_1781993189087_fepuzx9s2,low_cluster_0,0.2,-0.2747446948553592
P_1781993629709_fxuz5oolw,unassigned,0.05,-0.8637116974564342
P_1781993395178_y0wjbavv6,unassigned,0.1,-0.6646608180028167
P_1781993539364_mdhcpe9xi,unassigned,0.05,-0.7755761153341726
P_1781993344378_5achdgrsi,unassigned,0.25,-0.3952160965458785
P_1781993047044_pswb0ywld,low_cluster_0,0.05,-0.7027760213665791
P_1781993456193_pbb47aj8p,high_cluster_1,0.3,0.2223140711293462
P_1781993180772_3lyajnpq8,unassigned,0.95,2.0348146100458493
P_1781993850109_em7lpko57,low_cluster_0,0.2,-0.259392381647011
P_1781993344802_m0kdva6sg,unassigned,0.4,0.5101206992640471
P_1781993598155_41xlyyy1f,unassigned,0.55,0.4545900662330926
P_1781993620016_0d6tc574z,unassigned,0.55,0.6329201303065138
P_1781993699413_nnqaqq2x7,unassigned,0.0,-0.8056622886820365
P_1781993438988_a4sgju0tv,unassigned,0.4,0.2896820038844184
P_1781993441054_pov2xe0z0,unassigned,0.15,-0.0065571280695951
P_1781993718999_pblzcdwb6,high_cluster_1,0.0,-1.0368056064411275
P_1781992747385_h5g8dshic,unassigned,0.6,0.9710031567046812
P_1781993718896_089c3moeu,unassigned,0.0,-0.9970392030737346
P_1781993543645_1tq0kvjl3,unassigned,0.4,0.7809382935380105
P_1781993570357_0fidl5ly4,unassigned,0.35,0.2393270980624587
P_1781992542298_wu9vx6wg7,high_cluster_2,0.45,-0.0066061319134166
P_1781992984892_vhi3a9b8o,unassigned,0.25,-0.1619159275297211
P_1781993586737_wdf2qcr19,unassigned,0.0,-0.6298638203744166
P_1781993797656_97apaema9,unassigned,0.35,0.1584868086487385
P_1781993470423_w8gl6qu4m,unassigned,0.35,0.2392288963265358
P_1781993912798_636z7p05t,unassigned,0.5,0.8633477108673587
P_1781993323142_2qy9iauuz,unassigned,0.25,-0.0336475489467653
P_1781993971722_dv0tg451i,unassigned,0.2,-0.5289906230499063
P_1781993949634_qhqtz213l,unassigned,0.05,-0.7480625685660537
P_1781993532299_90t4pguqs,unassigned,0.2,-0.2224599081283929
P_1781993761885_ijhj3pxz2,unassigned,0.25,-0.0086979462375075
P_1781993989657_6twcv216x,unassigned,0.45,0.2425093053642191
P_1781993098665_n1vyqtr2c,unassigned,0.55,0.718754312575901
P_1781993500224_auec6qk92,unassigned,0.3,0.259421420064537
P_1781994274924_fad3q310w,unassigned,0.6,0.8633253805176524
P_1781994099079_u7jfnx1j8,unassigned,0.2,-0.2241414959962989
P_1781994121095_bp91bjbc0,high_cluster_0,0.35,0.2124014361819702
P_1781994313771_2f3b2ywl0,unassigned,0.55,0.5808460534702387
P_1781993714532_rd9tafh6l,unassigned,0.3,-0.4382808161271481
P_1781993971863_9kbizosxf,unassigned,0.1,-0.7457148236776389
P_1781993952951_pxcq73ssm,unassigned,0.4,0.1449464746957811
P_1781994348983_eoek8uefj,high_cluster_1,0.35,0.1095420524358119
P_1781993536067_i0d0pvf6w,unassigned,0.3,0.3165904292528181
P_1781994210393_5hdhcdgrc,unassigned,1.0,2.2601775483538478
P_1781994165543_cxah2p8zo,unassigned,0.75,1.504885428710688
P_1781994199697_j45tigb19,unassigned,0.4,0.7203658165076168
P_1781993863450_3drfozmdb,low_cluster_0,0.1,-0.6089768054635395
P_1781993879853_hiu6zd0dc,unassigned,0.35,0.3081325824155944
P_1781994235676_hrk0xxq80,unassigned,0.15,-0.4862225285951865
P_1781993535241_h0xqzvebu,high_cluster_1,0.2,-0.4759849847586651
P_1781994014333_0wr2xlpvl,unassigned,0.05,-0.7327006610130619
P_1781993920821_amr5t1vnf,unassigned,0.45,0.0187501674176174
P_1781993859014_s88nf97qs,low_cluster_0,0.35,-0.0207117156922769
P_1781994684626_4okyk81sb,unassigned,0.15,-0.8056309049559319
P_1781993979307_jbhpi2l6b,unassigned,0.15,-0.6097434809479013
P_1781994325370_g118zee66,unassigned,0.4,-0.1143196512632175
P_1781994642135_po9y5yqgu,unassigned,0.7,1.2720924954140282
P_1781994721726_0hx19g9ty,unassigned,0.25,-0.0963774642600368
P_1781994766296_lbuwnu62i,low_cluster_0,0.1,-0.6318656467149791
P_1781994412644_s6wf4jt8y,unassigned,0.4,0.2355824304206522
P_1781994134342_69cei8cst,high_cluster_1,0.35,0.0810534480194799
P_1781994498632_eq4u8wtkq,unassigned,0.15,-0.2222204684902552
P_1781993851777_yv0irtssy,unassigned,0.35,0.3098984787859044
P_1781994671111_i5vgz69nh,unassigned,0.6,1.1863403047102563
P_1781994562033_aikbyc8k9,unassigned,0.2,-0.4483559698176317
P_1781994153753_zwhk6py91,unassigned,0.4,0.5975663746130369
P_1781994817318_6m32rd089,unassigned,0.45,0.6884407684577588
P_1781994830281_fryznr7t2,unassigned,0.2,-0.2395999071548187
P_1781995064508_msjlcyx3b,unassigned,0.2,-0.3071969766601775
P_1781994594100_a3kwoyvel,unassigned,0.25,0.302806654309199
P_1781994753223_ff309y00b,unassigned,0.4,0.058963700622196
P_1781994797447_f1bm50fu5,low_cluster_1,0.4,0.5773694136500496
P_1781995056344_vy4siq9pr,unassigned,0.3,0.0891672499745891
P_1781995056729_mcnb9rfft,low_cluster_0,0.0,-1.006841794098782
P_1781994787169_stjo4e7t2,unassigned,0.75,1.6577843760591229
P_1781994550523_j5zc6c9e6,high_cluster_1,0.2,-0.0942461329001892
P_1781995292008_syr728gjg,unassigned,0.3,0.0287431048687912
P_1781995521292_p63n2izod,unassigned,0.3,0.3418620705301883
P_1781994982213_46ftsb4e5,unassigned,0.6,0.9507727321525395
P_1781994607874_5mmqlcrc2,unassigned,0.4,0.3098940573051048
P_1781995331250_schsu91ad,unassigned,0.6,1.016440068427682
P_1781995221636_50ffbsni3,high_cluster_1,0.3,-0.0084340619971976
P_1781995393808_l2tutp2e1,unassigned,0.15,-0.4228558748041686
P_1781995360658_h2sq2f7a5,high_cluster_1,0.35,-0.0487971170933223
P_1781994877070_cb2hkhhsv,unassigned,0.45,0.4545962061223934
P_1781995214578_73ne0d1hn,unassigned,0.1,-0.3730547022747636
P_1781995870514_xzopz37kb,unassigned,0.2,-0.0217957548197087
P_1781995091051_v66r1djvo,high_cluster_1,0.3,-0.0115438962128481
P_1781995771902_21309yg64,unassigned,0.2,-0.0720400553356525
P_1781995017943_w7mrl5myl,unassigned,0.2,-0.116377649930258
P_1781995697366_wgseyafr4,unassigned,0.05,-0.8722869739148565
P_1781995951895_0gdyujd0h,unassigned,0.2,-0.3677354980401609
P_1781995344331_0gfns6m9s,unassigned,0.15,-0.212115568162901
P_1781994278008_if10kkcmv,high_cluster_2,0.2,-0.2921924662996994
P_1781995615370_ujlj2dxtm,low_cluster_0,0.05,-0.6578549031601285
P_1781995820470_8ikcuei4b,unassigned,0.05,-0.7888828763295742
P_1781995565510_b9zis9dy4,high_cluster_1,0.35,0.3300759760749193
P_1781995937512_9gc69qcv0,unassigned,0.25,-0.0560001498148193
P_1781995650639_lyxv3ggex,unassigned,0.45,0.4125729211699646
P_1781995651448_81rfpzcsq,unassigned,0.2,-0.2344915916953295
P_1781995920964_fmwtw8jwz,unassigned,0.2,-0.3104187307447376
P_1781995636026_iv0csl64z,unassigned,0.15,-0.5562297562479029
P_1781995661200_qhasbc0fd,high_cluster_1,0.65,0.98612984115799
P_1781996165257_y6fmv4mg1,unassigned,0.85,1.8284993374442444
P_1781995850784_3fltxsih0,unassigned,0.4,0.4007254497643717
P_1781995601696_f8vs29ad8,unassigned,0.2,-0.4689296552552685
P_1781996264686_5qsqacj0m,high_cluster_1,0.2,-0.4383180905635606
P_1781995831257_zp9t1kebw,unassigned,0.2,-0.5061361699132197
P_1781995788311_eh4u8gmy8,low_cluster_0,0.35,0.1869770352453171
P_1781995046236_iwhavtai0,unassigned,0.2,-0.4888894058067022
P_1781995974333_rkc38pjle,unassigned,0.6,1.3797881078094092
P_1781996365551_7apk93kl6,unassigned,0.25,-0.0065994961880122
P_1781995878822_v2oln645g,unassigned,0.4,0.3570489673987187
P_1781996005705_o694uzh90,low_cluster_0,0.25,0.0116490241174238
P_1781996554304_yaxr8y722,unassigned,0.05,-0.9052680240221508
P_1781996037834_2bm34zgtq,unassigned,0.5,0.7708635255953936
P_1781996524647_3owobm2jk,unassigned,0.1,-0.7626746346481507
P_1781995875369_mcrs8zxy3,unassigned,0.05,-0.6528591145420052
P_1781996220417_f4947cd40,unassigned,0.15,-0.4001596143469186
P_1781996351820_tzudo3qoo,unassigned,0.4,0.5353985557591942
P_1781996187446_4q22o5zbl,unassigned,0.55,0.4747998655729618
P_1781996570772_j0qj8ylv6,low_cluster_0,0.0,-0.8988038602174399
P_1781996309568_mdx7w5xj9,unassigned,0.0,-0.770598380348524
P_1781996332194_89bhhi7hg,high_cluster_2,0.0,-0.9533827268803058
P_1781996367839_qhifysxe6,unassigned,0.0,-0.978463270710921
P_1781996927403_2qsrpn20a,unassigned,0.35,0.1275636444178929
P_1781996530303_xm78qrr0s,unassigned,0.15,-0.3881908863326639
P_1781996827062_nogg66f9z,high_cluster_0,0.25,-0.1336765939184472
P_1781996813624_9lioscb7c,unassigned,0.05,-0.7777650508255892
P_1781997042591_nldiyc22s,unassigned,0.0,-0.9251544041885792
P_1781996188139_xvaqxyzh7,unassigned,0.05,-0.7176661798436731
P_1781996435889_ozpn6befk,high_cluster_1,0.1,-0.643282010070172
P_1781996270235_03r7yv6pn,unassigned,0.4,0.1800630075322629
P_1781997132849_bokkzagol,unassigned,0.35,0.0440246566297337
P_1781997122384_mafj6ts8x,unassigned,0.3,0.2291468809050456
P_1781997181032_k3cah7o1c,unassigned,0.55,0.7556905574236517
P_1781996652311_zxiuw7cyw,unassigned,0.1,-0.7607810551417625
P_1781997394421_sk035bysv,unassigned,0.4,0.4580075469728467
P_1781996938483_jl7a4288l,low_cluster_0,0.15,-0.3450956436158175
P_1781997293946_flnuxltie,low_cluster_0,0.45,0.5202328427012163
P_1781997475173_gzts3670t,low_cluster_0,0.05,-0.5948084634609893
P_1781997450348_7wn7yx9ej,unassigned,0.0,-0.7737907778609011
P_1781997460224_5vd9ilaj2,high_cluster_1,0.3,0.2443287644519063
P_1781996825027_qqk08ktay,unassigned,0.05,-0.938512654039357
P_1781997499540_1fdubto5u,high_cluster_1,0.6,0.7860130580581014
P_1781996311958_qrxl8ovdb,high_cluster_1,0.2,-0.4531232287743539
P_1781996805115_r42ii5rub,unassigned,0.25,0.0036096263412513
P_1781997079095_w2zpmkffi,unassigned,0.4,0.0216344870776802
P_1781997624872_ol8y75g9r,high_cluster_1,0.2,-0.4689402151995226
P_1781997780656_ehjkq70sa,low_cluster_0,0.0,-0.7077253940694098
P_1781997926631_5o6a436no,unassigned,0.55,0.3469301190635986
P_1781998104430_bqlmmtfow,unassigned,0.05,-0.7743204165665433
P_1781997350847_8ix9jqyry,unassigned,0.25,0.0994332091519088
P_1781998220622_dk8hd0sud,high_cluster_1,0.25,-0.1863429077626082
P_1781997640555_mumyoqe7i,unassigned,0.35,-0.1718331992871334
P_1781998065193_42ct5oc5l,unassigned,0.05,-0.9487226071469628
P_1781997953413_2k8mydubp,unassigned,0.3,-0.1337518980188933
P_1781998175861_8vhok53f2,unassigned,0.35,0.1516996462034122
P_1781997628552_27ly7te7p,unassigned,0.25,-0.3080207532164726
P_1781997790755_89jmi7pkj,unassigned,0.3,0.3351138992917279
P_1781998406763_v80y0qddh,unassigned,0.15,-0.5740323663152772
P_1781998014907_ddo3x10qd,unassigned,0.05,-0.6697367255267009
P_1781998823994_0c3ki597a,unassigned,0.6,0.7725117545661074
P_1781998708574_zm6787zus,unassigned,0.25,-0.222294103264072
P_1781999022532_35rilazmw,unassigned,0.35,0.4646698593373974
P_1781999283356_loq39791k,unassigned,0.45,0.5454638445569088
P_1781999150924_wjvwwki8m,unassigned,0.25,0.1699024478376718
P_1781998808345_0cnbm8u58,unassigned,0.0,-1.075197323555885
P_1781999018480_zoubu4kw0,unassigned,0.25,0.0457192139132826
P_1781998790133_7ts74mru9,unassigned,0.55,0.863340436018689
P_1781999135073_dq7x4awbk,unassigned,0.35,0.2828721284688974
P_1781998176596_xmpt9a8kl,unassigned,0.3,-0.003398122120384
P_1781999769654_1vw6800je,unassigned,0.3,0.15165789056266
P_1781999211219_ile1sv3ij,unassigned,0.4,0.2777251876856487
P_1781999946596_y9wshb4ut,unassigned,0.0,-1.006883152202433
P_1781999672920_b3200mlz6,unassigned,0.85,2.102820969626049
P_1781999762601_rymp0kxye,unassigned,0.3,0.0843482884771593
P_1781999727071_xwnh3zbrm,high_cluster_1,0.2,-0.0519316979677536
P_1781999342666_02cvb35u4,unassigned,0.45,0.2847176745344726
P_1782000097356_dkfmcin6m,unassigned,0.35,0.0760054633905643
P_1782000036434_eeu6ewtdk,unassigned,0.7,1.146092649007529
P_1782000424856_nsxsnxsus,unassigned,0.2,-0.5210387121588435
P_1782000166680_waamjke1t,unassigned,0.5,0.7557089655013525
P_1781999986251_eney6yob1,unassigned,0.1,-0.2703490887321098
P_1782000612771_4nruefwwc,unassigned,0.05,-0.764250440633847
P_1782000810126_zzxinwshb,unassigned,0.55,1.1947305058413058
P_1782001008791_f63n3b774,unassigned,0.2,-0.2901972735055413
P_1782000303514_ufnbp61ml,unassigned,0.1,-0.513660462609128
P_1782000936017_gyfer4123,unassigned,0.2,-0.259754433302902
P_1782000963653_0hrhcgcn3,unassigned,0.35,0.1315645141484103
P_1782000942196_oxd018uyx,unassigned,0.6,1.4673647528377876
P_1782001480283_cfj85mixf,unassigned,0.1,-0.5642104098141357
P_1782000523967_mge10rrw4,unassigned,0.2,-0.3450507451594361
P_1782001239416_9xhi9npbs,unassigned,0.5,0.2424359268477207
P_1782001381040_umq42r8as,low_cluster_0,0.0,-0.9960696829943162
P_1782000568475_s5k19c9ek,unassigned,0.6,1.2418525212967624
P_1782000712711_zxam8wg3y,unassigned,0.4,0.6884652572802199
P_1782001443331_a93pe9tns,unassigned,0.05,-0.6880213576993423
P_1782002069577_eyyyank7a,unassigned,0.5,0.5353807040578592
P_1782001845918_2pmx6cf5f,unassigned,0.45,0.8027417421371443
P_1782001449256_jf6uu32wx,unassigned,0.15,-0.5240821932567267
P_1782001861227_e3p1rjvzf,unassigned,0.3,0.2341943387381836
P_1782002018602_oba666zme,unassigned,0.15,-0.0942327905758197
P_1782002752209_f1ajnn63g,unassigned,0.0,-0.969785383132182
P_1782002768982_juv7kgwrw,unassigned,0.0,-0.8718415720880267
P_1781953632248_glqm2wltq,unassigned,0.3,0.5302535548449048
P_1782002894773_yynoignxk,low_cluster_0,0.35,-0.0570320153517059
P_1782002790827_d1b6q06dl,unassigned,0.05,-0.8866956544033525
P_1782002792288_dyhwrhq4l,unassigned,0.4,0.4798344569275872
P_1782002954251_wsi2uvs67,unassigned,0.35,0.279552084815262
P_1782002990303_73bqyxcwh,unassigned,0.1,-0.8059337513979133
P_1782003160088_dhbi6gcqe,high_cluster_1,0.25,-0.375486001969079
P_1782003111266_d2mupk51c,unassigned,0.75,1.5196574430247596
P_1782003200891_l456d8c24,low_cluster_0,0.0,-0.9522968286648598
P_1782002946915_vrva51kuy,unassigned,0.45,0.7809583742007347
P_1782002848278_5cg2or3ox,unassigned,0.5,0.4881836419037981
P_1782002110183_bto9dcgrz,unassigned,0.35,0.5606306696295302
P_1782003100157_dkhi2ofls,unassigned,0.5,0.3503241939282003
P_1782002958702_zv98nbf44,unassigned,0.65,0.9507978283699624
P_1782003070196_22bhfdvc9,unassigned,0.5,0.8986802457568233
P_1782003038740_09qlniojh,unassigned,0.35,0.1718270009184582
P_1782003651445_a43go78gn,unassigned,0.45,0.3721638978757373
P_1782004140775_1zv20qlaf,unassigned,0.0,-0.91018576776394
P_1782003694767_6y6lcpgfx,unassigned,0.45,0.1949510914061081
P_1782003834319_rk5slu1ad,unassigned,0.35,0.0237313061160027
P_1782003523101_j2qckh8yt,high_cluster_1,0.3,-0.2669092426139616
P_1782004421725_0vzq9hhep,unassigned,0.55,0.8936350573282066
P_1782004672022_uv8wh7xzq,unassigned,0.0,-1.006986424461346
P_1782004617080_9mh86ann0,unassigned,0.4,0.3873346467014094
P_1782004261390_8vikb1xc3,unassigned,0.65,1.6004368474176829
P_1782005023637_aodzspnet,unassigned,0.2,-0.4864335887043797
P_1782004456788_ln5b78upk,unassigned,0.15,-0.6797973706875121
P_1782005197233_w5ucs8oyn,unassigned,0.65,1.0483466960666816
P_1782004710568_la0605ahc,low_cluster_0,0.2,-0.1569467046854936
P_1782004258405_r0ocziztu,unassigned,0.25,-0.1587065304122779
P_1782004630437_jok4kplhd,unassigned,0.3,0.0821786959951851
P_1782005199188_lj960blbi,unassigned,0.0,-0.8753616128428617
P_1782004798756_a5of42dyo,unassigned,0.3,0.0690624111979067
P_1782004653931_kzdlli9rk,unassigned,0.45,0.3368218769306767
P_1782004980558_gspr53zf6,low_cluster_0,0.1,-0.6948567537730649
P_1782005431969_0yxrv5mt7,high_cluster_1,0.3,-0.0286229539535899
P_1782005480579_cfeavl0p4,unassigned,0.25,-0.2616486174388731
P_1782005860142_3uj5ca0hh,unassigned,0.3,-0.2345337374182484
P_1782005882885_st56vwjgw,unassigned,0.05,-0.8075283077352674
P_1782005960118_qfm6lweul,unassigned,0.05,-0.7327284661717838
P_1782005014786_jlpbz8pwt,unassigned,0.3,0.1063759104800085
P_1782005358574_vpy7e1fdr,unassigned,0.65,1.149289159366439
P_1782006061306_l0q23xaas,high_cluster_1,0.0,-0.9537468497316768
P_1782005941966_ug9ygb0q4,unassigned,0.55,1.2014485653035
P_1782006171530_joksyrrkm,unassigned,0.2,-0.2116438766996742
P_1782005821755_to4nnk3v6,high_cluster_1,0.55,0.9087907306681196
P_1782007425084_s76kawsl4,unassigned,0.4,0.3957153896185196
P_1782007607025_ctteoteeu,unassigned,0.45,0.4479283324432028
P_1782008114287_53booj3b4,low_cluster_0,0.05,-0.770138935399936
P_1782007859656_gdet9amdw,unassigned,0.45,0.2544225027713789
P_1782008043107_3gjibhqhc,unassigned,0.15,-0.3556152609500329
P_1782008187817_ep32ll4j4,unassigned,0.4,0.1296810459830917
P_1782009232934_69948k759,unassigned,0.3,-0.1963920465682578
P_1782009075106_553bexan9,unassigned,0.4,0.2493683905863203
P_1782009444941_fchhwqhxm,unassigned,0.45,0.5555966381071968
P_1782009735116_4ucnllqna,unassigned,0.0,-0.9569594321095372
P_1782009948641_gqwpol9fl,unassigned,0.55,0.5303561620414867
P_1782010542863_35uuhwjks,unassigned,0.6,0.7910615998042525
P_1782010011242_f9v3jw2s4,unassigned,0.45,0.3318023529226669
P_1782011014873_olgksvcdc,unassigned,0.7,0.8431641113733783
P_1782010602227_k1uvuaq9k,unassigned,0.25,-0.1819874439656836
P_1782011671412_l1fs9itun,unassigned,0.65,0.9239335653841164
P_1782011123509_9zv8cbhbr,unassigned,0.25,-0.2647027971434036
P_1782011900229_8yuom27i5,unassigned,0.65,1.1139789109280884
P_1782012833531_o9upxflw4,high_cluster_1,0.3,-0.0307898041005739
P_1782012401840_svym46p7n,unassigned,0.65,0.9911610814169964
P_1782013589597_x3ox94dfm,low_cluster_1,0.0,-0.9018409311831256
P_1782013742740_njvdts2y1,unassigned,0.45,0.3552992274720327
P_1782014921058_qt7o3ikzf,unassigned,0.4,0.3822705011982387
P_1782015983757_j61sa1lvx,unassigned,0.45,0.5874659378031999
P_1782016475558_quwljfsct,unassigned,0.5,0.8936210987919762
P_1782016049401_v7ejuezk4,unassigned,0.65,1.226665082324729
P_1782016492420_rhj9brp5v,unassigned,0.4,0.036826172343794
P_1782018508431_bxchwokqa,unassigned,0.4,0.3570339104166369
P_1782018232807_k125r3iot,unassigned,0.65,1.12072752417305
P_1782019569397_8z207r0eo,unassigned,0.0,-0.8569439757156895
P_1782019834955_zro4af6ls,unassigned,0.1,-0.819179200869521
P_1782020418705_hbl4semma,unassigned,0.0,-0.8206891924590659
P_1782020443489_vhvj03hxe,unassigned,0.75,1.901819623438776
P_1782020064449_4jhsv4uqx,unassigned,0.85,1.671132390405904
P_1782021877060_n0chk1115,unassigned,0.1,-0.5871463908392881
P_1782023132214_0epdgnmar,unassigned,0.5,0.2846953619308995
P_1782024251153_3cnkik63c,unassigned,0.45,0.6127175885463437
P_1782025064345_dvo1598e3,unassigned,0.35,-0.023803031016914
P_1782025152517_62nlh6hcd,unassigned,0.25,0.0287765395628846
P_1782025443976_rl0bdwfsn,unassigned,0.6,0.8279933839947127
P_1782025539176_btw6uc559,unassigned,0.45,0.7642079208371305
P_1782026185597_q2g2nfyp2,unassigned,0.15,-0.561787998649195
P_1782026475424_u59wnkotc,unassigned,0.25,-0.0409283086166473
P_1782028070267_7dp2683t7,unassigned,0.45,0.2341162472511356
P_1782030305457_18l4mg58g,unassigned,0.35,0.0471290763453797
P_1782039907051_dpbpgpqwb,high_cluster_1,0.2,-0.1818539954215257
P_1782040252448_bemjt91wn,unassigned,0.4,0.2425444341429042
P_1782043259564_f2cnlirdw,unassigned,0.5,0.6127326573684424
P_1782044882100_esfo79uuo,unassigned,0.45,0.6127348915145335
P_1782045676636_w8g4csfqm,low_cluster_0,0.75,1.21833952669517
P_1782045644433_a8muor1rz,unassigned,0.35,-0.2043814702447242
P_1782045911295_oxnjs32zu,unassigned,0.4,0.2324518843313523
P_1782052720794_4svdi26w9,unassigned,0.35,-0.0437007258569335
P_1782055083529_vjseuf093,unassigned,0.35,-0.0640572344962508
P_1782059305456_13q1uvgva,unassigned,0.25,-0.3075159408013779
P_1782062080861_rxhhmdspy,unassigned,0.15,-0.1597038558368352
P_1782063013540_so2ctq4m2,unassigned,0.45,0.249373979261722
P_1782070792731_dlzwzcokl,unassigned,0.7,1.4120527106507237
P_1782071502478_g8af2kq6x,high_cluster_1,0.0,-0.9805453634269756
P_1782073787873_9sib4p1jg,unassigned,0.65,0.9457147045978272
P_1782074014430_gbns40px5,unassigned,0.3,0.2746055236955551
P_1782083399122_1qf56s0rp,unassigned,0.0,-0.9450156741079148
P_1782088159241_6oy8446vk,unassigned,0.35,0.4444762383708819
P_1782087681783_ywjlsn8ho,unassigned,0.5,0.8532288541425864
P_1782093151607_3vcpm2cmn,unassigned,0.45,0.5858555281455567
P_1782094288316_5nszf4tzu,unassigned,0.5,0.7708584987049313
P_1782132890060_jdcoc3pbt,unassigned,0.25,-0.1953697397384411
P_1782143869964_38nd5v43a,unassigned,0.3,0.0016763137791869
P_1782144704140_qu022jd5m,unassigned,0.15,-0.7828592594819545
P_1782150214066_chjkykoun,unassigned,0.5,0.2122977431065313
P_1782153118416_r5z96vjj7,unassigned,0.35,0.7556994745164332
P_1782158148061_awrfjyoca,unassigned,0.45,0.5925200660250716
P_1782161285766_kif53bnqk,unassigned,0.3,0.1044629576588521
P_1782165282476_6j9v807yn,unassigned,0.3,-0.5190564284881362
P_1782174048669_nzx1zb1og,unassigned,0.0,-0.9563952905414124
P_1782183442995_2dujem1p6,unassigned,0.3,0.0540938593049463
P_1782186743295_0ufa9hw65,unassigned,0.0,-0.6147911616984613
P_1782200429789_xktkv2rm1,unassigned,0.45,0.5874558948836591
