uri,label_timestamp,is_likely_spam
at://did:plc:4u7gr63tgzfwoeaveb3kuizm/app.bsky.feed.post/3mu5sqiwpxi25,2026_08_28-16:47:34,False
at://did:plc:lqq35ba2t7o4rbk5hv74j2lh/app.bsky.feed.post/3mu5sozfrkq2d,2026_08_28-16:47:34,False
at://did:plc:lqq35ba2t7o4rbk5hv74j2lh/app.bsky.feed.post/3mu5sogewqc22,2026_08_28-16:47:34,False
at://did:plc:efpxdgsxdnfoermfwi3a6vtg/app.bsky.feed.post/3mu5sifccnk2x,2026_08_28-16:47:34,False
at://did:plc:lqq35ba2t7o4rbk5hv74j2lh/app.bsky.feed.post/3mu5si5356p26,2026_08_28-16:47:34,False
at://did:plc:lqq35ba2t7o4rbk5hv74j2lh/app.bsky.feed.post/3mu5si3yaob2h,2026_08_28-16:47:34,False
at://did:plc:fllkwj5ain5kdfkr3de7yxbd/app.bsky.feed.post/3mu5scumvhs2w,2026_08_28-16:47:34,False
at://did:plc:lqq35ba2t7o4rbk5hv74j2lh/app.bsky.feed.post/3mu5sbt3usm2k,2026_08_28-16:47:34,False
at://did:plc:lqq35ba2t7o4rbk5hv74j2lh/app.bsky.feed.post/3mu5sb6cj3h2r,2026_08_28-16:47:34,False
at://did:plc:uqrfc7gu5tptozetpvustimk/app.bsky.feed.post/3mu5s3h6ssc2k,2026_08_28-16:47:34,False
at://did:plc:lqq35ba2t7o4rbk5hv74j2lh/app.bsky.feed.post/3mu5s36sfyc26,2026_08_28-16:47:34,False
at://did:plc:lqq35ba2t7o4rbk5hv74j2lh/app.bsky.feed.post/3mu5s2l2ykl2o,2026_08_28-16:47:34,False
at://did:plc:uqrfc7gu5tptozetpvustimk/app.bsky.feed.post/3mu5s2dj7kc2k,2026_08_28-16:47:34,False
at://did:plc:uqrfc7gu5tptozetpvustimk/app.bsky.feed.post/3mu5rzpoa7k2k,2026_08_28-16:47:34,False
at://did:plc:cjxglxdan3ecs5wujcbbtx65/app.bsky.feed.post/3mu5rxpmr7c2t,2026_08_28-16:47:34,False
at://did:plc:uqrfc7gu5tptozetpvustimk/app.bsky.feed.post/3mu5rrkdyg22k,2026_08_28-16:47:34,False
at://did:plc:6hdxydx5glmxqkkcely3uwin/app.bsky.feed.post/3mu5qhmfcfk2f,2026_08_28-16:47:34,False
at://did:plc:3szwv4jlrh2mf32nxfo2djnf/app.bsky.feed.post/3mu5ph7tnos2y,2026_08_28-16:47:34,False
at://did:plc:2wgayvrieulxusguaz2ba3xr/app.bsky.feed.post/3mu5mskxnyk2m,2026_08_28-16:47:34,False
at://did:plc:fkk62nhf7ydvf6wipkwihiq5/app.bsky.feed.post/3mu5mkvfxpc2f,2026_08_28-16:47:34,False
at://did:plc:jo4wb27jnf5e4fh252daxzgx/app.bsky.feed.post/3mu5mddydy227,2026_08_28-16:47:34,False
at://did:plc:yboo7rw3oun3lzwdfn6cugga/app.bsky.feed.post/3mu5hahwmgc2w,2026_08_28-16:47:34,False
at://did:plc:uqrfc7gu5tptozetpvustimk/app.bsky.feed.post/3mu5h3nmvlk2n,2026_08_28-16:47:34,False
at://did:plc:uqrfc7gu5tptozetpvustimk/app.bsky.feed.post/3mu5gvqlems2n,2026_08_28-16:47:34,False
at://did:plc:uqrfc7gu5tptozetpvustimk/app.bsky.feed.post/3mu5gtyj5lk2n,2026_08_28-16:47:34,False
at://did:plc:uqrfc7gu5tptozetpvustimk/app.bsky.feed.post/3mu5fcjh5wc27,2026_08_28-16:47:34,False
at://did:plc:uqrfc7gu5tptozetpvustimk/app.bsky.feed.post/3mu5eevzpps27,2026_08_28-16:47:34,False
at://did:plc:uqrfc7gu5tptozetpvustimk/app.bsky.feed.post/3mu5dz353gs27,2026_08_28-16:47:34,False
at://did:plc:wrspm3jfnjkelm5p5zklz2hi/app.bsky.feed.post/3mu5ahrcex223,2026_08_28-16:47:34,False
at://did:plc:uqrfc7gu5tptozetpvustimk/app.bsky.feed.post/3mu4id3ofv22p,2026_08_28-16:47:34,False
at://did:plc:zs6lgajyk2l5uymulxktna2q/app.bsky.feed.post/3mu5smxsl2s2p,2026_08_28-16:47:34,False
at://did:plc:3fccz4macdyzaegjlkfic3in/app.bsky.feed.post/3mu5slpvmr22i,2026_08_28-16:47:34,False
at://did:plc:dnpgdzw3hqcwqnoxgjy4mgxr/app.bsky.feed.post/3mu5s5qp3b22e,2026_08_28-16:47:34,False
at://did:plc:6h32tbiuz6ptigvkkrx2jkrz/app.bsky.feed.post/3mu5s5nhoo22q,2026_08_28-16:47:34,False
at://did:plc:6h32tbiuz6ptigvkkrx2jkrz/app.bsky.feed.post/3mu5rwzjeic2q,2026_08_28-16:47:34,False
at://did:plc:5t37h44eimeaaqdcwankeeie/app.bsky.feed.post/3mu5rtny7im2b,2026_08_28-16:47:34,False
at://did:plc:epp2najemrxyduwxz2ihvj3i/app.bsky.feed.post/3mu5rmrm2e224,2026_08_28-16:47:34,False
at://did:plc:r5wwieq5nfgtj3qcobot3pqh/app.bsky.feed.post/3mu5recqf4k2v,2026_08_28-16:47:34,False
at://did:plc:d7mbznttytrhbs3vy6d6nppc/app.bsky.feed.post/3mu5rdnfrrb2s,2026_08_28-16:47:34,False
at://did:plc:gdbhptgdeaxkr5x7ynmdlzsb/app.bsky.feed.post/3mu5r7pqwet2c,2026_08_28-16:47:34,False
at://did:plc:7knftcimdqusmixgonfjnl3s/app.bsky.feed.post/3mu5r7nlqj22e,2026_08_28-16:47:34,False
at://did:plc:mprlbpkamgszg4klv7h5fvl2/app.bsky.feed.post/3mu5r7d5ryc2f,2026_08_28-16:47:34,False
at://did:plc:rvmarerfcqaoaciketvjacwj/app.bsky.feed.post/3mu5r3dds422s,2026_08_28-16:47:34,False
at://did:plc:nud65ngquynjinrknhayzwtg/app.bsky.feed.post/3mu5sphrisk2f,2026_08_28-16:47:34,False
at://did:plc:yp2drmlds5dubmv6udjzwuuz/app.bsky.feed.post/3mu5sohhy3m2u,2026_08_28-16:47:34,False
at://did:plc:z2f7uooesggy7kyc3rujoyp6/app.bsky.feed.post/3mu5smnath22m,2026_08_28-16:47:34,False
at://did:plc:jldwyrazfdid3c7qyxq2eyyf/app.bsky.feed.post/3mu5sm332ui2b,2026_08_28-16:47:34,False
at://did:plc:ja6qwdwar2df3253srtdsmsa/app.bsky.feed.post/3mu5skublp22n,2026_08_28-16:47:34,False
at://did:plc:l4xudk3un3f5zukzmnfpkdrw/app.bsky.feed.post/3mu5sgeyf522g,2026_08_28-16:47:34,False
at://did:plc:nh3orjwqeaacc3nnkacaw755/app.bsky.feed.post/3mu5sclxpe22s,2026_08_28-16:47:34,False
at://did:plc:owlioq32vg5bqxv2j6gz32ak/app.bsky.feed.post/3mu5sbgjz6k25,2026_08_28-16:47:34,False
at://did:plc:skl2s4plzkuiz4qoozt3xdyo/app.bsky.feed.post/3mu5saockq226,2026_08_28-16:47:34,False
at://did:plc:untgwijkmjjjlyzmekldwuyc/app.bsky.feed.post/3mu5salbkac2f,2026_08_28-16:47:34,False
at://did:plc:grgswyytu7slprcbhfireuz2/app.bsky.feed.post/3mu5s66nx2s2u,2026_08_28-16:47:34,False
