uri,url,author_handle,text,created_at,like_count,repost_count,reply_count,quote_count,news_or_opinion_category,is_political,is_likely_spam,is_self_contained,is_structurally_complete,toxicity_prob,toxicity_tier,political_stance
at://did:plc:fllkwj5ain5kdfkr3de7yxbd/app.bsky.feed.post/3mu5scumvhs2w,https://bsky.app/profile/commoner.bsky.social/post/3mu5scumvhs2w,commoner.bsky.social,"I learnt about climate change as a young man in the 80s, and the window of opportunity to transition. Often in the news. Campaigns focused on reducing/reusing as essential features.
I naively thought we would change.
But 'reduce' was quietly dropped, (anti-growth), and we have blown past the window.",2026-08-28 16:37:32.099000+00:00,1,0,1,0,opinion,True,False,True,True,0.020842785,low,left
at://did:plc:uqrfc7gu5tptozetpvustimk/app.bsky.feed.post/3mu5s3h6ssc2k,https://bsky.app/profile/eliemar.bsky.social/post/3mu5s3h6ssc2k,eliemar.bsky.social,"America we must act like Hungary who kicked out their Fascist leader friend of rapist Trump & his corrupt bootliking Republicans

Vote💙 #usa

ALL Democrats for
Lower Costs
Affordable Housing
Higher Wages
Free Health-Child Care
Free Tuition
Science
Climate Change 
GUN CONTROL 
No to School Shootings",2026-08-28 16:33:23.125000+00:00,0,0,0,0,opinion,True,False,True,True,0.5532103,medium,left
at://did:plc:uqrfc7gu5tptozetpvustimk/app.bsky.feed.post/3mu5s2dj7kc2k,https://bsky.app/profile/eliemar.bsky.social/post/3mu5s2dj7kc2k,eliemar.bsky.social,"America we have a CORRUPT Trump/Republican regime whose economy is UNAFFORDABLE

Republicans/Trump have proven they serve OLIGARCHS

Democrats for WORKERS
Lower Costs
Affordable Housing
Higher Wages
Free Health-Child Care
Free Tuition
Science
Climate Change
GUN CONTROL
No to School Shootings #usa",2026-08-28 16:32:45.717000+00:00,0,0,0,0,opinion,True,False,True,True,0.40336934,medium,left
at://did:plc:uqrfc7gu5tptozetpvustimk/app.bsky.feed.post/3mu5rzpoa7k2k,https://bsky.app/profile/eliemar.bsky.social/post/3mu5rzpoa7k2k,eliemar.bsky.social,"America we must act like Hungary who kicked out their Fascist leader friend of rapist Trump & his corrupt bootliking Republicans

Vote💙 #usa

ALL Democrats for
Lower Costs
Affordable Housing
Higher Wages
Free Health-Child Care
Free Tuition
Science
Climate Change 
GUN CONTROL 
No to School Shootings",2026-08-28 16:32:24.911000+00:00,0,0,0,0,opinion,True,False,True,True,0.5532103,medium,left
at://did:plc:uqrfc7gu5tptozetpvustimk/app.bsky.feed.post/3mu5rrkdyg22k,https://bsky.app/profile/eliemar.bsky.social/post/3mu5rrkdyg22k,eliemar.bsky.social,"America we must act like Hungary who kicked out their Fascist leader friend of rapist Trump & his corrupt bootliking Republicans

Vote💙 #usa

ALL Democrats for
Lower Costs
Affordable Housing
Higher Wages
Free Health-Child Care
Free Tuition
Science
Climate Change 
GUN CONTROL 
No to School Shootings",2026-08-28 16:27:50.893000+00:00,0,0,0,0,opinion,True,False,True,True,0.5532103,medium,left
at://did:plc:6hdxydx5glmxqkkcely3uwin/app.bsky.feed.post/3mu5qhmfcfk2f,https://bsky.app/profile/josiegirl52.bsky.social/post/3mu5qhmfcfk2f,josiegirl52.bsky.social,Minnesotans please remember Lisa Demuth has been the speaker. She did nothing on fraud or gun control. She’s just another T rump republican in my opinion. We need to vote for Amy K. Who has always worked hard for MN,2026-08-28 16:04:23.750000+00:00,0,0,0,0,opinion,True,False,True,True,0.08479069,low,left
at://did:plc:3szwv4jlrh2mf32nxfo2djnf/app.bsky.feed.post/3mu5ph7tnos2y,https://bsky.app/profile/indoeurocreolenero.bsky.social/post/3mu5ph7tnos2y,indoeurocreolenero.bsky.social,"🇵🇸End Genocide In Gaza/Palestine
🇮🇱End Israel's apartheid occupation
🔫Gun Control
⚖️Preserve Checks and Balances
🤖Regulate Artificial Intelligence (AI)
🖥️Regulate Data Centers
🏦Tax Wealth (To Pay For Social Security)

Vote Patrick Roath! #MA08 #Vote",2026-08-28 15:46:16.847000+00:00,0,0,0,0,opinion,True,False,True,True,0.09828771,low,left
at://did:plc:2wgayvrieulxusguaz2ba3xr/app.bsky.feed.post/3mu5mskxnyk2m,https://bsky.app/profile/sc0matth.bsky.social/post/3mu5mskxnyk2m,sc0matth.bsky.social,"It’s not real life. It’s real life but you can go on a mass shooting and get away with it. Which is only real life in America, while the rest of the Western world practices responsible gun control.",2026-08-28 14:58:56.387000+00:00,1,0,0,0,opinion,True,False,True,True,0.2854971,medium,left
at://did:plc:fkk62nhf7ydvf6wipkwihiq5/app.bsky.feed.post/3mu5mkvfxpc2f,https://bsky.app/profile/pianomover.bsky.social/post/3mu5mkvfxpc2f,pianomover.bsky.social,We need to treat these incursions into public lands the same way the NRA treats any suggestion of gun control. Give absolutely no quarter.,2026-08-28 14:54:38.903000+00:00,19,1,0,0,opinion,True,False,True,True,0.039935954,low,right
at://did:plc:jo4wb27jnf5e4fh252daxzgx/app.bsky.feed.post/3mu5mddydy227,https://bsky.app/profile/realx22report.bsky.social/post/3mu5mddydy227,realx22report.bsky.social,"The cabal’s gun-control strategy depends on fear.

Show every tragedy.

Hide every defensive use.

Convince Americans that surrendering their rights will make them safer.

Fear shuts down logical thinking

Present both sides—and the deep state’s narrative begins to collapse.",2026-08-28 14:50:25.753000+00:00,0,0,0,0,opinion,True,False,True,True,0.04686289,low,right
at://did:plc:uqrfc7gu5tptozetpvustimk/app.bsky.feed.post/3mu5h3nmvlk2n,https://bsky.app/profile/eliemar.bsky.social/post/3mu5h3nmvlk2n,eliemar.bsky.social,"ALL Democrats work for Americans #usa
 
Republicans call it Communism

Republicans support
Trump/his UNAFFORDABLE economy & OLIGARCHS who fund their campaigns

Democrats 💙
Higher Wages
FREE Health/Child care Lower Costs
Affordable Housing
Education
Climate Change
GUN CONTROL
NO to School Shootings",2026-08-28 13:16:38.719000+00:00,0,0,0,0,opinion,True,False,True,True,0.20219094,medium,left
at://did:plc:uqrfc7gu5tptozetpvustimk/app.bsky.feed.post/3mu5gvqlems2n,https://bsky.app/profile/eliemar.bsky.social/post/3mu5gvqlems2n,eliemar.bsky.social,"Forget McConnell
#usa focus

Trump/Republicans STEALING the Midterms

Michelle Obama at DNC: ""Don't complain""
""Do something""

Trump economy UNAFFORDABLE

All Democrats for:
Higher Wages
FREE Health/Child care Lower Costs
Affordable Housing
Education
Climate Change
GUN CONTROL
NO to School Shootings",2026-08-28 13:13:20.488000+00:00,1,0,0,0,opinion,True,False,True,True,0.2191003,medium,left
at://did:plc:uqrfc7gu5tptozetpvustimk/app.bsky.feed.post/3mu5gtyj5lk2n,https://bsky.app/profile/eliemar.bsky.social/post/3mu5gtyj5lk2n,eliemar.bsky.social,"Trump/Republican servants are cruel

America is still a beacon of light through its people

Lets get rid of the garbage #usa UNSEAT Republicans

Vote💙
Democrats for:
Higher Wages
FREE Health/Child care Lower Costs
Affordable Housing
Education
Science
Climate Change
GUN CONTROL
NO to School Shootings",2026-08-28 13:12:21.694000+00:00,2,1,1,0,opinion,True,False,True,True,0.4838166,medium,left
at://did:plc:uqrfc7gu5tptozetpvustimk/app.bsky.feed.post/3mu5fcjh5wc27,https://bsky.app/profile/eliemar.bsky.social/post/3mu5fcjh5wc27,eliemar.bsky.social,"Trump/Republican servants are cruel

America is still a beacon of light through its people

Lets get rid of the garbage #usa UNSEAT Republicans

Vote💙
Democrats for:
Higher Wages
FREE Health/Child care Lower Costs
Affordable Housing
Education
Science
Climate Change
GUN CONTROL
NO to School Shootings",2026-08-28 12:44:41.733000+00:00,0,0,0,0,opinion,True,False,True,True,0.4838166,medium,left
at://did:plc:uqrfc7gu5tptozetpvustimk/app.bsky.feed.post/3mu5eevzpps27,https://bsky.app/profile/eliemar.bsky.social/post/3mu5eevzpps27,eliemar.bsky.social,"Stop Trump/Republicans corruption

Unseat Republicans
They LIE to America

Republicans & #trump work for OLIGARCHS who got $1 TRILLION tax cuts

Trump Economy UNAFFORDABLE
Highest Fod/Gas costs

Vote💙 #usa

Democrats for
Free Health/Child care
Higher Wages
Lower costs
Affordable Housing
GUN CONTROL",2026-08-28 12:28:08.286000+00:00,0,0,0,0,opinion,True,False,True,True,0.30502358,medium,left
at://did:plc:uqrfc7gu5tptozetpvustimk/app.bsky.feed.post/3mu5dz353gs27,https://bsky.app/profile/eliemar.bsky.social/post/3mu5dz353gs27,eliemar.bsky.social,"ALL Democrats work for Americans #usa
 
Republicans call it Communism

Republicans support
Trump/his UNAFFORDABLE economy & OLIGARCHS who fund their campaigns

Democrats 💙
Higher Wages
FREE Health/Child care Lower Costs
Affordable Housing
Education
Climate Change
GUN CONTROL
NO to School Shootings",2026-08-28 12:21:30.988000+00:00,0,0,1,0,opinion,True,False,True,True,0.20219094,medium,left
at://did:plc:uqrfc7gu5tptozetpvustimk/app.bsky.feed.post/3mu4id3ofv22p,https://bsky.app/profile/eliemar.bsky.social/post/3mu4id3ofv22p,eliemar.bsky.social,"Trump problem #usa

Trump kills in his War
Trump no foreign trade skill
Trump ICE murders
Trump $4T National Debt
Trump Inflation/High costs
Trump CORRUPTION
Trump UNAFFORDABLE life
Trump-Epstein kids raping 

Democrats💙
Higher Wages
Lower Costs
Free Health-Child Care
Affordable Housing
Gun Control",2026-08-28 04:06:02.333000+00:00,0,0,0,0,opinion,True,False,True,True,0.44933176,medium,left
at://did:plc:3fccz4macdyzaegjlkfic3in/app.bsky.feed.post/3mu5slpvmr22i,https://bsky.app/profile/billiejsweeney.bsky.social/post/3mu5slpvmr22i,billiejsweeney.bsky.social,"In MO, the right wing is bundling a measure to codify transphobic bigotry with its effort to undo the voters' will on abortion. 

Voters adopted protections to reproductive rights two years ago. Now, extremists believe that injecting anti-trans bias will lift an anti-women measure in Nov.",2026-08-28 16:42:29.133000+00:00,2,1,0,0,opinion,True,False,True,True,0.27750343,medium,left
at://did:plc:dnpgdzw3hqcwqnoxgjy4mgxr/app.bsky.feed.post/3mu5s5qp3b22e,https://bsky.app/profile/oku.mow.haus/post/3mu5s5qp3b22e,oku.mow.haus,"The fight for Bodily Autonomy is the same whether you’re some gold star transsexual transmedicalist, a person seeking an Abortion, a species-dysphoric non-binary therian, a low-key semi-closeted cis gay white man, a couple using contraceptives, swingers in an orgy club, a Polycule, etc etc etc",2026-08-28 16:34:40.204000+00:00,10,0,1,0,opinion,True,False,True,True,0.42568782,medium,left
at://did:plc:6h32tbiuz6ptigvkkrx2jkrz/app.bsky.feed.post/3mu5rwzjeic2q,https://bsky.app/profile/neeva1.bsky.social/post/3mu5rwzjeic2q,neeva1.bsky.social,"GOP119thCongress, anything?GOPSCOTUS, magaGOP, noncritical thinkers, nonDEMS, Rogan, McConnell, 35% nonvoters, EM,thieves,traitors, misogynoire, greedy2%, anti LGBTQIA+/abortion/POC/women/woke, EpsteinClass, rapists, pedos,traffickers, 2016/20/22/24 GOPvoters OWN this!🇺🇸👀😢",2026-08-28 16:30:54.571000+00:00,0,0,0,0,opinion,True,False,True,True,0.5716857,medium,left
at://did:plc:5t37h44eimeaaqdcwankeeie/app.bsky.feed.post/3mu5rtny7im2b,https://bsky.app/profile/ansirh.bsky.social/post/3mu5rtny7im2b,ansirh.bsky.social,"Telehealth abortion care is just as safe and effective as in-person care – and it’s changed the abortion care landscape. 

Now, 1 in 4 abortions are provided via telehealth.",2026-08-28 16:29:01.616000+00:00,1,0,0,0,opinion,True,False,True,True,0.025556687,low,left
at://did:plc:epp2najemrxyduwxz2ihvj3i/app.bsky.feed.post/3mu5rmrm2e224,https://bsky.app/profile/lordmimey.bsky.social/post/3mu5rmrm2e224,lordmimey.bsky.social,"It's just like what happened with abortion.

Anti-abortionists literally blew up abortion clinics in the name of being 'pro-life', and yet it was the pro-abortion side that was constantly chided and demeaned for 'rhetoric'.",2026-08-28 16:25:10.729000+00:00,2,0,0,0,opinion,True,False,True,True,0.09568449,low,left
at://did:plc:r5wwieq5nfgtj3qcobot3pqh/app.bsky.feed.post/3mu5recqf4k2v,https://bsky.app/profile/mrfahrenheit.bsky.social/post/3mu5recqf4k2v,mrfahrenheit.bsky.social,"That means it’s past time for Democrats to get their own abortion messaging in order—namely, by standing up from their defensive crouch and finally telling voters what they want to hear: the government has no place in pregnancy at any point",2026-08-28 16:20:26.706000+00:00,2,0,0,0,opinion,True,False,True,True,0.17891699,medium,left
at://did:plc:d7mbznttytrhbs3vy6d6nppc/app.bsky.feed.post/3mu5rdnfrrb2s,https://bsky.app/profile/reproductivefreedomforall.org/post/3mu5rdnfrrb2s,reproductivefreedomforall.org,"Reproductive freedom and voting rights are inseparable.

The people we elect shape our abortion laws and reproductive health care, and they appoint the judges who shape our freedoms.

Our ability to control our bodies depends on our ability to make our vote count.",2026-08-28 16:20:04.231191+00:00,1,1,0,0,opinion,True,False,True,True,0.022964042,low,left
at://did:plc:rvmarerfcqaoaciketvjacwj/app.bsky.feed.post/3mu5r3dds422s,https://bsky.app/profile/httorg.bsky.social/post/3mu5r3dds422s,httorg.bsky.social,"Why haven’t we laughed the stupid MAGA “abortion up to the moment of birth” off the table by now?
Especially from elected officials?

Or is everyone from the Graham family just congenitally stupid?",2026-08-28 16:15:25.353000+00:00,1,0,1,0,opinion,True,False,True,True,0.8299589,high,left
at://did:plc:z2f7uooesggy7kyc3rujoyp6/app.bsky.feed.post/3mu5smnath22m,https://bsky.app/profile/bigcountryfooty.bsky.social/post/3mu5smnath22m,bigcountryfooty.bsky.social,Canada can be the counterbalance to the USA.  We have to expedite our growth.  Open the doors for immigration.  Build infrastructure fast.,2026-08-28 16:42:59.909000+00:00,0,0,0,0,opinion,True,False,True,True,0.040925518,low,left
at://did:plc:ja6qwdwar2df3253srtdsmsa/app.bsky.feed.post/3mu5skublp22n,https://bsky.app/profile/sdicaclu.bsky.social/post/3mu5skublp22n,sdicaclu.bsky.social,"With immigrant's rights constantly under attack, it's more important than ever to KNOW YOUR RIGHTS, both for yourself and to spread that knowledge within your community.   

Join ACLU immigration rights experts at our next EmpowerEd training!",2026-08-28 16:42:00.163000+00:00,0,0,1,0,opinion,True,False,True,True,0.04735767,low,left
at://did:plc:l4xudk3un3f5zukzmnfpkdrw/app.bsky.feed.post/3mu5sgeyf522g,https://bsky.app/profile/danrhan.bsky.social/post/3mu5sgeyf522g,danrhan.bsky.social,"Trump has repeatedly failed his base on the issues they voted for. The economy is in the toilet, he started a new foreign war he can't end, and he hasn't even delivered on immigration. The only people left he can please are the flag-wavers who care about America's name above all else. Thus the lake.",2026-08-28 16:39:29.916000+00:00,0,0,0,0,opinion,True,False,True,True,0.25462922,medium,left
at://did:plc:skl2s4plzkuiz4qoozt3xdyo/app.bsky.feed.post/3mu5saockq226,https://bsky.app/profile/veronicamcdonald.bsky.social/post/3mu5saockq226,veronicamcdonald.bsky.social,"What Homeland Insecurity is doing now is making Black people the face of ""illegal immigration"".

They know once a Black face is attached to the issue everyone in the country will race to support getting rid of them (The Blacks).

That's why Trump & Vance spread that cats & dogs lie in 2024.",2026-08-28 16:36:18.360000+00:00,0,1,1,0,opinion,True,False,True,True,0.4977744,medium,left
at://did:plc:grgswyytu7slprcbhfireuz2/app.bsky.feed.post/3mu5s66nx2s2u,https://bsky.app/profile/expatspost.bsky.social/post/3mu5s66nx2s2u,expatspost.bsky.social,"The MAGA fascist immigration agenda is exactly what Hannah Arendt referred to as ""the banality of evil"".",2026-08-28 16:34:54.848000+00:00,0,0,0,0,opinion,True,False,True,True,0.3286776,medium,left
