topic,n_posts,keep_rate,ci_low,ci_high,p_value,q_value,significant_bh
-1,8369,0.6975177157516743,0.692081643085509,0.703071166718419,0.38398993739713266,0.4595722926297897,False
0,1122,0.8183986220750925,0.8065218719880273,0.8295392141509624,1.19882660302889e-96,6.054074345295894e-95,True
1,862,0.7577408573638272,0.7423646893198779,0.7728258458386127,1.2172143039902553e-17,2.0489774117169298e-16,True
2,851,0.5910105757931845,0.5724424340635278,0.6082768235472155,5.249106600979938e-51,1.7671992223299127e-49,True
3,690,0.7523044628479412,0.7340343889644837,0.7697041877549067,1.1577604451572903e-12,1.2992644995654035e-11,True
4,636,0.5932670709793351,0.5729999638904093,0.6129741585610622,4.440924577462723e-37,1.1213334558093376e-35,True
5,598,0.6925253490470882,0.671695387392704,0.712330969315512,0.4329720585945511,0.5084904409075542,False
6,566,0.5898536092882383,0.5665146072796934,0.6149393125698316,6.421683302304297e-34,1.297180027065468e-32,True
7,358,0.6755861689520908,0.6490862899533729,0.702023167213314,0.016898472287757284,0.0371031674144236,True
8,326,0.7663781770376863,0.7411398721209551,0.7914116622510058,4.5869016543021514e-10,4.632770670845173e-09,True
9,259,0.6212814855671999,0.5879384913853899,0.6551869368292742,3.7072668075815516e-09,3.120282896381139e-08,True
10,251,0.7354297097324987,0.7047613938279175,0.7662032341269841,0.005112771841641522,0.014344165444605383,True
11,230,0.7585886818495512,0.7296464395229457,0.7884441253385636,5.117950121809313e-06,2.584564811513703e-05,True
12,229,0.6916042836348513,0.6544171558536078,0.7280641084328712,0.5446655224343314,0.6009815308660275,False
13,212,0.7335467205750225,0.6971099191352431,0.7670409374334862,0.007642998410137526,0.020863319984429463,True
14,200,0.5859523809523809,0.5487609201575367,0.623540069802385,4.820408117167687e-14,6.085765247924204e-13,True
15,171,0.6327694235588972,0.5938549923195086,0.6715617161669137,9.715991430435068e-06,4.6729292117806757e-05,True
16,165,0.7307359307359307,0.6921462962962963,0.7660626038137001,0.027473358516601647,0.0544080237289562,False
17,162,0.7331079757005683,0.6973914307658547,0.7688735557138334,0.04514454466477337,0.08290180020258382,False
18,155,0.7930721966205837,0.7593878791197272,0.8256470250706215,2.5791981138855465e-09,2.368172813658547e-08,True
19,144,0.31724537037037037,0.27988831267666886,0.3548836714799034,4.049338721796858e-99,4.089832109014827e-97,True
20,124,0.7414746543778803,0.7012203520008332,0.7817173310630342,0.010891961070856741,0.02683141629650075,True
21,108,0.8019620811287479,0.761280182780183,0.8397565339695201,2.0066602512556807e-07,1.219664395508659e-06,True
22,104,0.7284111721611721,0.6825591668706317,0.7704644672961505,0.2221051941161663,0.29516611323332625,False
23,99,0.8142135642135641,0.7752348139449203,0.8512051980490555,4.704736495820098e-09,3.655218354444845e-08,True
24,97,0.7595148837416877,0.7178838018092004,0.802355250377095,0.004813562189669215,0.013890565175902592,True
25,88,0.7055735930735931,0.6522012382233402,0.7543196914642698,0.8767911473089822,0.9036316926347674,False
26,78,0.6624847374847374,0.6021815476190477,0.7208051378446115,0.2057829786945639,0.28086595740744535,False
27,75,0.6941904761904761,0.6459694664902998,0.7440663095013179,0.8680012496411642,0.9036316926347674,False
28,72,0.675760582010582,0.6216569940476191,0.7320677083333332,0.5384021679202144,0.6009815308660275,False
29,72,0.7306382275132274,0.6722966167100644,0.7824849360850898,0.14399507568778236,0.21854731654171186,False
30,72,0.665079365079365,0.6034064386317908,0.7250335345405766,0.12451907233735779,0.19650666103239275,False
31,70,0.7773809523809523,0.7214895807846016,0.8286424459743735,0.0015284792293818413,0.004979883940889225,True
32,65,0.7063553113553114,0.6513629148629149,0.7609830967643467,0.7279426204551371,0.7905613404942887,False
33,64,0.78203125,0.7229119318181819,0.8408352272727273,0.0006729178831280183,0.0023565399063401283,True
34,63,0.7545351473922902,0.6973885575735671,0.8084926673567978,0.06995353358915951,0.12395275250008968,False
35,63,0.6632275132275132,0.5993723958333333,0.7178582908573264,0.13662791982442807,0.21229876772718823,False
36,62,0.6553763440860215,0.5862080244833783,0.7184109268707484,0.07954041706287472,0.13616240887034486,False
37,58,0.7603858784893268,0.7049141295862608,0.8153288801528075,0.030999001094525094,0.05907356812352895,False
38,56,0.46879251700680274,0.4055804558374566,0.5361171343537414,6.780372418482596e-17,9.783108775239172e-16,True
39,56,0.766156462585034,0.7027174640347943,0.8298460128732343,0.010607281514315278,0.026783385823646075,True
40,50,0.638,0.5692252604166667,0.7025744047619048,0.017758867351671866,0.03736761671914289,True
41,48,0.7266369047619049,0.651140642303433,0.7930287784679088,0.3688580646044166,0.4595722926297897,False
42,47,0.8099290780141843,0.746935941043084,0.8698437499999999,7.508423536266428e-05,0.0003447048987104133,True
43,46,0.5830745341614907,0.5039659468438538,0.6572478472614343,0.00030082112056405033,0.0012153173270787634,True
44,45,0.6618518518518518,0.5749834656084657,0.7451984126984126,0.38676876112408043,0.4595722926297897,False
45,44,0.6626033057851239,0.5880890151515151,0.7340646130092026,0.17118806104620465,0.24013880785648153,False
46,40,0.6258630952380952,0.5215088593576966,0.7279808407738093,0.013364588763006979,0.031038204155347932,True
47,39,0.7360195360195361,0.6556772486772486,0.8093075945793337,0.21785554220406694,0.29337879683481016,False
48,38,0.7802631578947369,0.7064991210722918,0.8506969246031747,0.013521593889458505,0.031038204155347932,True
49,36,0.7835317460317461,0.7175669748696064,0.8513987162263025,0.011835078303453275,0.028460545444018593,True
50,34,0.634313725490196,0.547045547385621,0.7191188725490197,0.08430194602446354,0.13958191063066916,False
51,33,0.5217893217893218,0.43333333333333335,0.6030438311688311,1.209388132620314e-06,6.786011188591762e-06,True
52,33,0.7832611832611833,0.7097191820276499,0.8526611486615495,0.018799521010782975,0.038750033103858786,True
53,33,0.7898989898989898,0.701638440860215,0.8666826923076923,0.014504481622422467,0.03255450319699265,True
54,32,0.6505208333333334,0.5691278375149342,0.7314383116883116,0.17851249430566646,0.24698304006674401,False
55,32,0.7484375,0.6619690393518518,0.830770202020202,0.12101090951367764,0.19400161683938796,False
56,31,0.5650537634408602,0.46665364583333335,0.6606242424242422,0.0009630831390822952,0.0032423799015770605,True
57,30,0.5725396825396826,0.48144458128078815,0.6666746031746033,0.0006766302701372646,0.0023565399063401283,True
58,30,0.6923809523809524,0.5988635019225081,0.7777777777777777,0.930779491849907,0.9400872867684061,False
59,30,0.7724603174603176,0.6858743842364531,0.846667328042328,0.048571157962784425,0.08760155275430762,False
60,29,0.7673234811165845,0.6829887607216799,0.8535827175697864,0.07813946873070887,0.13607045416899305,False
61,29,0.7183908045977011,0.6253952380952381,0.8076973684210527,0.5276818874774238,0.5988300071373012,False
62,28,0.6770408163265306,0.5779915266106442,0.7684233205066537,0.7856771959018178,0.8265978831883709,False
63,28,0.6170918367346939,0.5014160052910052,0.7265439342403627,0.033097612702600684,0.06190479412893831,False
64,27,0.7092592592592593,0.6061574074074074,0.8007373859366611,0.7793012917928954,0.8265978831883709,False
65,27,0.7506172839506173,0.6937395833333334,0.8057450396825396,0.16506246906207567,0.23480717429957243,False
66,27,0.6637566137566138,0.5569375,0.7633348214285715,0.3142450745080111,0.4017563610798623,False
67,27,0.8185185185185185,0.7262797619047618,0.9017273307790549,0.002637727388082829,0.00832532706863643,True
68,27,0.8888007054673722,0.8358303571428572,0.935802553927554,1.2008214349595623e-07,8.663068923636842e-07,True
69,27,0.8390652557319226,0.7696428571428572,0.9023108237547892,0.00017860966295716875,0.0007516489982780851,True
70,27,0.8345679012345679,0.7562437500000001,0.9055743243243243,0.0005175661548590045,0.0019360808015096095,True
71,27,0.7443562610229276,0.6488771081349206,0.8333462732919255,0.46305983634575654,0.5314664030786523,False
72,25,0.6809999999999999,0.5810579004329004,0.7768246376811594,0.46044668985924986,0.5314664030786523,False
73,25,0.7393333333333332,0.6522422422422423,0.8237202380952381,0.3765748291227713,0.4595722926297897,False
74,24,0.7236111111111111,0.6345630787037037,0.8094228778467909,0.5474287211848963,0.6009815308660275,False
75,24,0.6597222222222222,0.5400737847222222,0.7769270833333335,0.37398823607526815,0.4595722926297897,False
76,24,0.7722222222222221,0.6817144563918758,0.8565253623188405,0.14497693275539303,0.21854731654171186,False
77,23,0.6586956521739131,0.5522679924242425,0.7673816287878787,0.30756400289862307,0.398255952471294,False
78,23,0.7894409937888199,0.6995923913043479,0.8706071124101815,0.030376894896658613,0.059001276626202304,False
79,23,0.9072463768115943,0.8449967948717948,0.9622246376811594,2.052900467687842e-07,1.219664395508659e-06,True
80,23,0.6992753623188407,0.5912092731829575,0.8038541666666666,1.0,1.0,False
81,23,0.5797101449275363,0.4652686403508773,0.6903034420289854,0.008488003999248307,0.022560221155896815,True
82,23,0.8224637681159419,0.7469653263403263,0.8934540343915344,0.002944042680047697,0.009010554869236891,True
83,22,0.581060606060606,0.45461805555555557,0.700018115942029,0.017407062097689725,0.03736761671914289,True
84,22,0.8583333333333335,0.7911018518518519,0.9218792002688172,8.816330525992464e-05,0.0003871519057066256,True
85,22,0.6348484848484849,0.4932839506172839,0.7707102272727271,0.10372531150242334,0.16897187841523803,False
86,21,0.5142857142857142,0.36628432765151514,0.6633587962962961,1.7714679594976992e-06,9.416750732066716e-06,True
87,21,0.6166666666666666,0.5131530214424952,0.7305555555555555,0.08211407727736361,0.13822536341689542,False
88,20,0.7582738095238095,0.6573937908496731,0.8486247650375939,0.14719369984733413,0.21862593653795215,False
89,20,0.7160714285714286,0.6262619047619047,0.8066822916666666,0.7547652633045161,0.8109711871676183,False
90,19,0.45,0.31804398148148144,0.5820588235294116,1.951303798116927e-07,1.219664395508659e-06,True
91,19,0.5929824561403508,0.4927072916666667,0.6909157754010695,0.023953698262601707,0.04838647049045545,True
92,19,0.7096491228070176,0.6333333333333333,0.7888888888888889,0.910032586749882,0.9284170834518998,False
93,18,0.6175925925925926,0.45081249999999995,0.7728358004385963,0.15028111201940406,0.21997670020231608,False
94,18,0.8305555555555556,0.7399868421052631,0.910531015037594,0.003401333976749639,0.010103962695638633,True
95,17,0.561764705882353,0.4525856307435254,0.6814880952380953,0.009673155418404935,0.02505099223740765,True
96,16,0.6257440476190477,0.4738095238095238,0.7546334670231728,0.1596938350932392,0.23041539063453087,False
97,16,0.628125,0.5,0.7583333333333334,0.2339488265684171,0.30686794134298867,False
98,15,0.6577777777777778,0.5393894830659537,0.7766730769230769,0.3819660063106512,0.4595722926297897,False
99,15,0.8766666666666668,0.8111011904761904,0.9392857142857142,0.00035006279467521674,0.0013598593177768035,True
